date,home_team,away_team,home_score,away_score,status
2025-11-04T01:00Z,Houston Cougars,Lehigh Mountain Hawks,75,57,Final
2025-11-04T00:00Z,Arizona Wildcats,Florida Gators,93,87,Final
2025-11-04T00:00Z,UConn Huskies,New Haven Chargers,79,55,Final
2025-11-03T23:30Z,St. John's Red Storm,Quinnipiac Bobcats,108,74,Final
2025-11-04T01:30Z,Michigan Wolverines,Oakland Golden Grizzlies,121,78,Final
2025-11-04T02:30Z,BYU Cougars,Villanova Wildcats,71,66,Final
2025-11-04T02:00Z,Louisville Cardinals,South Carolina State Bulldogs,104,45,Final
2025-11-04T03:30Z,UCLA Bruins,Eastern Washington Eagles,80,74,Final
2025-11-04T00:00Z,Arkansas Razorbacks,Southern Jaguars,109,77,Final
2025-11-04T01:00Z,Alabama Crimson Tide,North Dakota Fighting Hawks,91,62,Final
2025-11-04T01:00Z,Iowa State Cyclones,Fairleigh Dickinson Knights,88,50,Final
2025-11-04T01:30Z,Illinois Fighting Illini,Jackson State Tigers,113,55,Final
2025-11-04T00:00Z,Tennessee Volunteers,Mercer Bears,76,61,Final
2025-11-04T01:00Z,Kansas Jayhawks,Green Bay Phoenix,94,51,Final
2025-11-04T01:00Z,Auburn Tigers,Bethune-Cookman Wildcats,95,90,Final
2025-11-04T02:00Z,Gonzaga Bulldogs,Texas Southern Tigers,98,43,Final
2025-11-04T00:00Z,Michigan State Spartans,Colgate Raiders,80,69,Final
2025-11-04T01:00Z,Wisconsin Badgers,Campbell Fighting Camels,96,64,Final
2025-11-04T00:00Z,North Carolina Tar Heels,Central Arkansas Bears,94,54,Final
2025-11-04T23:30Z,Purdue Boilermakers,Evansville Purple Aces,82,51,Final
2025-11-05T01:45Z,Duke Blue Devils,Texas Longhorns,75,60,Final
2025-11-05T00:00Z,Kentucky Wildcats,Nicholls Colonels,77,51,Final
2025-11-05T01:00Z,Texas Tech Red Raiders,Lindenwood Lions,98,60,Final
2025-11-06T01:00Z,Creighton Bluejays,South Dakota Coyotes,92,76,Final
2025-11-07T01:00Z,Florida Gators,North Florida Ospreys,104,64,Final
2025-11-07T00:00Z,Louisville Cardinals,Jackson State Tigers,106,70,Final
2025-11-07T01:00Z,Iowa State Cyclones,Grambling Tigers,102,62,Final
2025-11-07T01:00Z,Auburn Tigers,Merrimack Warriors,95,57,Final
2025-11-08T00:00Z,Purdue Boilermakers,Oakland Golden Grizzlies,87,77,Final
2025-11-08T00:30Z,UConn Huskies,UMass Lowell River Hawks,110,47,Final
2025-11-08T00:00Z,Kentucky Wildcats,Valparaiso Beacons,107,59,Final
2025-11-08T01:00Z,Texas Tech Red Raiders,Sam Houston Bearkats,98,77,Final
2025-11-08T03:30Z,UCLA Bruins,Pepperdine Waves,74,63,Final
2025-11-08T02:00Z,Arizona Wildcats,Utah Tech Trailblazers,93,67,Final
2025-11-08T01:30Z,Illinois Fighting Illini,Florida Gulf Coast Eagles,113,70,Final
2025-11-08T00:00Z,North Carolina Tar Heels,Kansas Jayhawks,87,74,Final
2025-11-08T01:30Z,Wisconsin Badgers,Northern Illinois Huskies,97,72,Final
2025-11-08T20:00Z,Houston Cougars,Towson Tigers,65,48,Final
2025-11-08T17:00Z,St. John's Red Storm,Alabama Crimson Tide,96,103,Final
2025-11-08T18:30Z,Duke Blue Devils,Western Carolina Catamounts,95,54,Final
2025-11-09T02:00Z,BYU Cougars,Holy Cross Crusaders,98,53,Final
2025-11-09T00:00Z,Michigan State Spartans,Arkansas Razorbacks,69,66,Final
2025-11-08T20:00Z,Tennessee Volunteers,Northern Kentucky Norse,95,56,Final
2025-11-09T03:30Z,Gonzaga Bulldogs,Oklahoma Sooners,83,68,Final
2025-11-09T17:00Z,Harvard Crimson,New Hampshire Wildcats,86,75,Final
2025-11-09T17:30Z,Campbell Fighting Camels,Western Michigan Broncos,91,82,Final
2025-11-09T18:00Z,App State Mountaineers,North Carolina Central Eagles,76,54,Final
2025-11-09T18:00Z,Marquette Golden Eagles,Indiana Hoosiers,77,100,Final
2025-11-09T18:00Z,James Madison Dukes,Coppin State Eagles,84,70,Final
2025-11-09T18:00Z,American University Eagles,Pennsylvania Quakers,84,78,Final
2025-11-09T19:00Z,Georgia Bulldogs,Morehead State Eagles,120,81,Final
2025-11-09T19:00Z,Mercer Bears,Lipscomb Bisons,92,77,Final
2025-11-09T19:00Z,Bowling Green Falcons,Le Moyne Dolphins,83,60,Final
2025-11-09T19:00Z,Purdue Fort Wayne Mastodons,Dominican (IL) Dominican,137,56,Final
2025-11-09T19:00Z,North Dakota Fighting Hawks,Cal State Northridge Matadors,85,93,Final
2025-11-09T19:00Z,Northern Iowa Panthers,South Dakota State Jackrabbits,65,58,Final
2025-11-09T19:00Z,Brown Bears,Vermont Catamounts,84,89,Final
2025-11-09T19:00Z,Dartmouth Big Green,Marist Red Foxes,56,75,Final
2025-11-09T19:00Z,Oklahoma State Cowboys,Texas A&M Aggies,87,63,Final
2025-11-09T19:00Z,Illinois State Redbirds,Cornell Big Red,76,65,Final
2025-11-09T19:00Z,South Dakota Coyotes,Ozark Christian Ambassadors,121,65,Final
2025-11-09T20:00Z,Louisiana Tech Bulldogs,Lyon Scots,93,35,Final
2025-11-09T20:00Z,Montana State Bobcats,Denver Pioneers,73,75,Final
2025-11-09T20:00Z,West Virginia Mountaineers,Lehigh Mountain Hawks,69,47,Final
2025-11-09T20:00Z,Arizona State Sun Devils,Utah Tech Trailblazers,81,66,Final
2025-11-09T21:00Z,Evansville Purple Aces,Oakland City Mighty Oaks,76,47,Final
2025-11-09T21:30Z,Missouri Tigers,VMI Keydets,106,68,Final
2025-11-09T22:00Z,Loyola Chicago Ramblers,North Texas Mean Green,62,64,Final
2025-11-09T22:00Z,Portland Pilots,UC Davis Aggies,67,63,Final
2025-11-09T22:00Z,San Diego State Aztecs,Idaho State Bengals,73,57,Final
2025-11-09T23:00Z,Howard Bison,Grambling Tigers,70,73,Final
2025-11-09T23:00Z,Liberty Flames,Florida Atlantic Owls,88,68,Final
2025-11-09T23:00Z,USC Trojans,Manhattan Jaspers,114,83,Final
2025-11-09T23:00Z,Colorado State Rams,Omaha Mavericks,97,74,Final
2025-11-09T23:30Z,South Carolina Gamecocks,Southern Miss Golden Eagles,83,79,Final
2025-11-10T00:30Z,UT Martin Skyhawks,Kentucky Christian Knights,97,42,Final
2025-11-10T01:30Z,Baylor Bears,Washington Huskies,78,69,Final
2025-11-10T06:00Z,Hawai'i Rainbow Warriors,East Texas A&M Lions,100,74,Final
2025-11-10T23:30Z,UConn Huskies,Columbia Lions,89,62,Final
2025-11-11T03:00Z,UCLA Bruins,West Georgia Wolves,83,62,Final
2025-11-11T01:00Z,Iowa State Cyclones,Mississippi State Bulldogs,96,80,Final
2025-11-12T00:00Z,Army Black Knights,Duke Blue Devils,59,114,Final
2025-11-12T02:00Z,Arizona Wildcats,Northern Arizona Lumberjacks,84,49,Final
2025-11-11T23:30Z,Michigan Wolverines,Wake Forest Demon Deacons,85,84,Final
2025-11-12T02:00Z,BYU Cougars,Delaware Blue Hens,85,68,Final
2025-11-12T01:00Z,Louisville Cardinals,Kentucky Wildcats,96,88,Final
2025-11-12T00:00Z,Florida Gators,Florida State Seminoles,78,76,Final
2025-11-12T01:30Z,Illinois Fighting Illini,Texas Tech Red Raiders,81,77,Final
2025-11-12T00:00Z,North Carolina Tar Heels,Radford Highlanders,89,74,Final
2025-11-12T03:00Z,Gonzaga Bulldogs,Creighton Bluejays,90,63,Final
2025-11-12T01:00Z,Arkansas Razorbacks,Central Arkansas Bears,93,56,Final
2025-11-12T01:00Z,Auburn Tigers,Wofford Terriers,93,62,Final
2025-11-12T01:30Z,Wisconsin Badgers,Ball State Cardinals,86,55,Final
2025-11-12T01:00Z,Kansas Jayhawks,Texas A&M-Corpus Christi Islanders,77,46,Final
2025-11-13T01:00Z,Houston Cougars,Oakland Golden Grizzlies,78,45,Final
2025-11-13T00:00Z,Tennessee Volunteers,North Florida Ospreys,99,66,Final
2025-11-14T00:00Z,Alabama Crimson Tide,Purdue Boilermakers,80,87,Final
2025-11-13T23:30Z,Michigan State Spartans,San José State Spartans,79,60,Final
2025-11-15T00:00Z,Duke Blue Devils,Indiana State Sycamores,100,62,Final
2025-11-15T03:00Z,UCLA Bruins,Arizona Wildcats,65,69,Final
2025-11-15T02:00Z,TCU Horned Frogs,Michigan Wolverines,63,67,Final
2025-11-15T00:00Z,Kentucky Wildcats,Eastern Illinois Panthers,99,53,Final
2025-11-15T01:00Z,Texas Tech Red Raiders,Milwaukee Panthers,80,63,Final
2025-11-15T02:00Z,Illinois Fighting Illini,Colgate Raiders,84,65,Final
2025-11-15T02:00Z,North Carolina Tar Heels,North Carolina Central Eagles,97,53,Final
2025-11-15T04:00Z,Arizona State Sun Devils,Gonzaga Bulldogs,65,77,Final
2025-11-15T01:00Z,Arkansas Razorbacks,Samford Bulldogs,79,75,Final
2025-11-15T01:00Z,Creighton Bluejays,Maryland Eastern Shore Hawks,84,45,Final
2025-11-16T00:00Z,UConn Huskies,BYU Cougars,86,84,Final
2025-11-15T17:00Z,Louisville Cardinals,Ohio Bobcats,106,81,Final
2025-11-15T23:00Z,St. John's Red Storm,William & Mary Tribe,93,60,Final
2025-11-15T19:00Z,Kansas Jayhawks,Princeton Tigers,76,57,Final
2025-11-16T20:00Z,Auburn Tigers,Houston Cougars,72,73,Final
2025-11-17T00:30Z,Purdue Boilermakers,Akron Zips,97,79,Final
2025-11-17T01:30Z,Florida Gators,Miami Hurricanes,82,68,Final
2025-11-18T02:00Z,Gonzaga Bulldogs,Southern Utah Thunderbirds,122,50,Final
2025-11-18T01:00Z,Iowa State Cyclones,Stonehill Skyhawks,96,57,Final
2025-11-18T01:30Z,Tennessee Volunteers,Rice Owls,91,66,Final
2025-11-18T01:00Z,Wisconsin Badgers,SIU Edwardsville Cougars,94,69,Final
2025-11-18T00:00Z,NC State Wolfpack,VCU Rams,85,79,Final
2025-11-19T02:00Z,Duke Blue Devils,Kansas Jayhawks,78,66,Final
2025-11-18T23:30Z,Kentucky Wildcats,Michigan State Spartans,66,83,Final
2025-11-19T00:00Z,North Carolina Tar Heels,Navy Midshipmen,73,61,Final
2025-11-19T03:30Z,UCLA Bruins,Sacramento State Hornets,79,48,Final
2025-11-19T01:00Z,Arkansas Razorbacks,Winthrop Eagles,84,83,Final
2025-11-20T00:00Z,UConn Huskies,Arizona Wildcats,67,71,Final
2025-11-19T23:30Z,Michigan Wolverines,Middle Tennessee Blue Raiders,86,61,Final
2025-11-20T02:15Z,Illinois Fighting Illini,Alabama Crimson Tide,86,90,Final
2025-11-20T02:00Z,Auburn Tigers,Jackson State Tigers,112,66,Final
2025-11-20T23:00Z,Purdue Boilermakers,Memphis Tigers,80,71,Final
2025-11-21T02:00Z,Houston Cougars,Rider Broncs,91,45,Final
2025-11-21T00:00Z,St. John's Red Storm,Bucknell Bison,97,49,Final
2025-11-21T01:59Z,Texas Tech Red Raiders,Wake Forest Demon Deacons,84,83,Final
2025-11-21T00:00Z,Tennessee Volunteers,Tennessee State Tigers,89,60,Final
2025-11-22T02:30Z,Purdue Boilermakers,Texas Tech Red Raiders,86,56,Final
2025-11-22T00:00Z,Duke Blue Devils,Niagara Purple Eagles,100,42,Final
2025-11-21T23:30Z,Cincinnati Bearcats,Louisville Cardinals,64,74,Final
2025-11-21T21:00Z,BYU Cougars,Wisconsin Badgers,98,70,Final
2025-11-22T00:00Z,Florida Gators,Merrimack Warriors,80,45,Final
2025-11-22T00:00Z,Kentucky Wildcats,Loyola Maryland Greyhounds,88,46,Final
2025-11-21T23:30Z,Michigan State Spartans,Detroit Mercy Titans,84,56,Final
2025-11-22T03:30Z,UCLA Bruins,Presbyterian Blue Hose,86,46,Final
2025-11-22T01:00Z,Arkansas Razorbacks,Jackson State Tigers,115,61,Final
2025-11-22T19:00Z,Illinois Fighting Illini,Long Island University Sharks,98,58,Final
2025-11-23T23:00Z,UConn Huskies,Bryant Bulldogs,72,49,Final
2025-11-23T21:00Z,Duke Blue Devils,Howard Bison,93,56,Final
2025-11-25T03:30Z,Arizona Wildcats,Denver Pioneers,103,73,Final
2025-11-24T23:00Z,Houston Cougars,Syracuse Orange,78,74,Final
2025-11-25T00:00Z,Louisville Cardinals,Eastern Michigan Eagles,87,46,Final
2025-11-25T03:30Z,Michigan Wolverines,San Diego State Aztecs,94,54,Final
2025-11-25T02:30Z,Alabama Crimson Tide,Gonzaga Bulldogs,85,95,Final
2025-11-25T01:00Z,Illinois Fighting Illini,UT Rio Grande Valley Vaqueros,87,73,Final
2025-11-24T21:30Z,St. John's Red Storm,Iowa State Cyclones,82,83,Final
2025-11-24T18:00Z,Tennessee Volunteers,Rutgers Scarlet Knights,85,60,Final
2025-11-25T01:00Z,Oregon Ducks,Auburn Tigers,73,84,Final
2025-11-24T19:30Z,NC State Wolfpack,Seton Hall Pirates,74,85,Final
2025-11-25T23:00Z,Houston Cougars,Tennessee Volunteers,73,76,Final
2025-11-26T01:30Z,Michigan Wolverines,Auburn Tigers,102,72,Final
2025-11-26T04:59Z,Alabama Crimson Tide,UNLV Rebels,115,76,Final
2025-11-25T18:00Z,East Carolina Pirates,Michigan State Spartans,56,89,Final
2025-11-26T02:30Z,Gonzaga Bulldogs,Maryland Terrapins,100,61,Final
2025-11-25T21:30Z,Baylor Bears,St. John's Red Storm,81,96,Final
2025-11-25T19:00Z,Iowa State Cyclones,Creighton Bluejays,78,60,Final
2025-11-25T23:00Z,North Carolina Tar Heels,St. Bonaventure Bonnies,85,70,Final
2025-11-26T03:00Z,California Golden Bears,UCLA Bruins,80,72,Final
2025-11-25T19:30Z,Boise State Broncos,NC State Wolfpack,70,81,Final
2025-11-26T01:00Z,Indiana Hoosiers,Kansas State Wildcats,86,69,Final
2025-11-26T20:30Z,Houston Cougars,Notre Dame Fighting Irish,66,56,Final
2025-11-27T02:00Z,Louisville Cardinals,NJIT Highlanders,104,47,Final
2025-11-27T02:30Z,Michigan Wolverines,Gonzaga Bulldogs,101,61,Final
2025-11-27T04:59Z,Alabama Crimson Tide,Maryland Terrapins,105,72,Final
2025-11-27T01:00Z,Auburn Tigers,St. John's Red Storm,85,74,Final
2025-11-26T18:00Z,Iowa State Cyclones,Syracuse Orange,95,64,Final
2025-11-27T00:00Z,Tennessee Volunteers,Kansas Jayhawks,76,81,Final
2025-11-27T00:00Z,Kentucky Wildcats,Tennessee Tech Golden Eagles,104,54,Final
2025-11-26T18:00Z,Texas Tech Red Raiders,New Orleans Privateers,82,50,Final
2025-11-27T02:30Z,Texas Longhorns,NC State Wolfpack,102,97,Final
2025-11-26T17:00Z,Western Kentucky Hilltoppers,Vanderbilt Commodores,78,83,Final
2025-11-28T01:00Z,Arkansas Razorbacks,Duke Blue Devils,71,80,Final
2025-11-27T22:00Z,Miami Hurricanes,BYU Cougars,62,72,Final
2025-11-27T20:00Z,Florida Gators,TCU Horned Frogs,80,84,Final
2025-11-27T21:30Z,North Carolina Tar Heels,Michigan State Spartans,58,74,Final
2025-11-27T17:00Z,Vanderbilt Commodores,VCU Rams,89,74,Final
2025-11-28T17:00Z,Purdue Boilermakers,Eastern Illinois Panthers,109,62,Final
2025-11-28T17:30Z,UConn Huskies,Illinois Fighting Illini,74,61,Final
2025-11-29T02:30Z,Dayton Flyers,BYU Cougars,79,83,Final
2025-11-28T20:00Z,Florida Gators,Providence Friars,90,78,Final
2025-11-28T18:00Z,Vanderbilt Commodores,Saint Mary's Gaels,96,71,Final
2025-11-29T21:00Z,Arizona Wildcats,Norfolk State Spartans,98,61,Final
2025-11-29T17:00Z,Indiana Hoosiers,Bethune-Cookman Wildcats,100,56,Final
2025-11-30T20:00Z,Texas Tech Red Raiders,Wyoming Cowboys,76,72,Final
2025-12-01T17:00Z,Chicago State Cougars,St. Xavier  (IL) Cougars,85,62,Final
2025-12-01T17:00Z,Southern Jaguars,Louisiana Christian Wildcats,101,48,Final
2025-12-01T23:30Z,Villanova Wildcats,Temple Owls,74,56,Final
2025-12-01T23:30Z,Toledo Rockets,Central State (OH) Marauders,102,58,Final
2025-12-02T00:00Z,Hampton Pirates,Apprentice School Builders,94,58,Final
2025-12-02T00:00Z,Troy Trojans,West Georgia Wolves,89,93,Final
2025-12-02T00:00Z,Delaware Blue Hens,Iona Gaels,66,89,Final
2025-12-02T00:00Z,Jacksonville State Gamecocks,North Alabama Lions,66,73,Final
2025-12-02T00:00Z,Cincinnati Bearcats,Tarleton State Texans,76,58,Final
2025-12-02T00:00Z,Xavier Musketeers,Saint Francis Red Flash,96,74,Final
2025-12-02T00:30Z,Middle Tennessee Blue Raiders,UAB Blazers,76,61,Final
2025-12-02T00:30Z,Incarnate Word Cardinals,McNeese Cowboys,71,67,Final
2025-12-02T01:00Z,Northern Iowa Panthers,Coe Kohawks,99,34,Final
2025-12-02T01:00Z,Kansas State Wildcats,Bowling Green Falcons,66,82,Final
2025-12-02T01:30Z,Southern Utah Thunderbirds,West Coast Baptist Eagles,124,59,Final
2025-12-02T02:00Z,New Mexico Lobos,New Mexico Highlands Cowboys,97,47,Final
2025-12-02T02:00Z,Colorado Buffaloes,California Baptist Lancers,78,70,Final
2025-12-02T03:00Z,Stanford Cardinal,Portland Pilots,94,72,Final
2025-12-02T01:00Z,Eastern Illinois Panthers,Blackburn Beavers,0,0,Postponed
2025-12-03T01:00Z,Rutgers Scarlet Knights,Purdue Boilermakers,65,81,Final
2025-12-03T00:30Z,Duke Blue Devils,Florida Gators,67,66,Final
2025-12-03T02:00Z,Kansas Jayhawks,UConn Huskies,56,61,Final
2025-12-03T00:00Z,Michigan State Spartans,Iowa Hawkeyes,71,52,Final
2025-12-03T00:00Z,Syracuse Orange,Tennessee Volunteers,62,60,Final
2025-12-03T02:30Z,Kentucky Wildcats,North Carolina Tar Heels,64,67,Final
2025-12-03T03:00Z,Oregon Ducks,USC Trojans,77,82,Final
2025-12-04T00:15Z,Arkansas Razorbacks,Louisville Cardinals,89,80,Final
2025-12-04T02:00Z,BYU Cougars,California Baptist Lancers,91,60,Final
2025-12-04T01:00Z,Iowa State Cyclones,Alcorn State Braves,132,68,Final
2025-12-04T00:15Z,Alabama Crimson Tide,Clemson Tigers,90,84,Final
2025-12-04T02:15Z,Vanderbilt Commodores,SMU Mustangs,88,69,Final
2025-12-04T02:25Z,Auburn Tigers,NC State Wolfpack,83,73,Final
2025-12-04T00:00Z,Minnesota Golden Gophers,Indiana Hoosiers,73,64,Final
2025-12-04T21:00Z,Fairleigh Dickinson Knights,Manor College Blue Jays,86,38,Final
2025-12-05T00:00Z,Davidson Wildcats,The Citadel Bulldogs,79,63,Final
2025-12-05T00:00Z,South Florida Bulls,Utah State Aggies,74,61,Final
2025-12-05T00:00Z,Merrimack Warriors,Rider Broncs,68,66,Final
2025-12-05T00:00Z,Charleston Southern Buccaneers,Warren Wilson Owls,124,63,Final
2025-12-05T00:00Z,Green Bay Phoenix,Robert Morris Colonials,78,80,Final
2025-12-05T02:00Z,UC Santa Barbara Gauchos,Long Beach State Beach,84,77,Final
2025-12-05T03:00Z,Cal State Northridge Matadors,Cal State Bakersfield Roadrunners,87,66,Final
2025-12-05T03:00Z,Cal State Fullerton Titans,Cal Poly Mustangs,91,94,Final
2025-12-05T03:00Z,UC Irvine Anteaters,UC Riverside Highlanders,73,60,Final
2025-12-05T04:59Z,Hawai'i Rainbow Warriors,UC Davis Aggies,75,69,Final
2025-12-06T00:30Z,UConn Huskies,East Texas A&M Lions,83,59,Final
2025-12-06T00:00Z,Kentucky Wildcats,Gonzaga Bulldogs,59,94,Final
2025-12-06T17:00Z,Purdue Boilermakers,Iowa State Cyclones,58,81,Final
2025-12-07T03:00Z,Arizona Wildcats,Auburn Tigers,97,68,Final
2025-12-06T21:00Z,Michigan Wolverines,Rutgers Scarlet Knights,101,60,Final
2025-12-06T17:00Z,Michigan State Spartans,Duke Blue Devils,60,66,Final
2025-12-06T19:15Z,Louisville Cardinals,Indiana Hoosiers,87,78,Final
2025-12-07T01:00Z,Houston Cougars,Florida State Seminoles,82,67,Final
2025-12-07T01:00Z,Tennessee Volunteers,Illinois Fighting Illini,62,75,Final
2025-12-07T01:00Z,St. John's Red Storm,Ole Miss Rebels,63,58,Final
2025-12-06T23:00Z,USC Trojans,Washington Huskies,76,84,Final
2025-12-06T21:00Z,Arkansas Razorbacks,Fresno State Bulldogs,82,58,Final
2025-12-08T02:00Z,Gonzaga Bulldogs,North Florida Ospreys,109,58,Final
2025-12-07T19:00Z,Alabama Crimson Tide,UTSA Roadrunners,97,55,Final
2025-12-07T22:00Z,North Carolina Tar Heels,Georgetown Hoyas,81,61,Final
2025-12-07T20:00Z,Texas Tech Red Raiders,LSU Tigers,82,58,Final
2025-12-07T18:00Z,Kansas Jayhawks,Missouri Tigers,80,60,Final
2025-12-08T17:00Z,Kennesaw State Owls,Southern Wesleyan Warriors,121,66,Final
2025-12-08T23:00Z,Pennsylvania Quakers,Lafayette Leopards,74,72,Final
2025-12-09T00:00Z,Charleston Southern Buccaneers,South Carolina State Bulldogs,84,44,Final
2025-12-09T01:00Z,Southern Miss Golden Eagles,Grambling Tigers,68,60,Final
2025-12-09T01:00Z,Texas Longhorns,Southern Jaguars,95,69,Final
2025-12-09T01:00Z,Kansas State Wildcats,Mississippi Valley State Delta Devils,108,49,Final
2025-12-09T01:00Z,New Orleans Privateers,Incarnate Word Cardinals,84,83,Final
2025-12-09T23:30Z,Michigan Wolverines,Villanova Wildcats,89,61,Final
2025-12-10T02:31Z,UConn Huskies,Florida Gators,77,73,Final
2025-12-09T23:30Z,BYU Cougars,Clemson Tigers,67,64,Final
2025-12-10T00:30Z,Ohio State Buckeyes,Illinois Fighting Illini,80,88,Final
2025-12-10T00:00Z,Virginia Cavaliers,Maryland Eastern Shore Hawks,84,60,Final
2025-12-11T00:00Z,Purdue Boilermakers,Minnesota Golden Gophers,85,57,Final
2025-12-11T01:00Z,Houston Cougars,Jackson State Tigers,80,38,Final
2025-12-11T02:00Z,Nebraska Cornhuskers,Wisconsin Badgers,90,60,Final
2025-12-12T01:00Z,Iowa State Cyclones,Iowa Hawkeyes,66,62,Final
2025-12-13T01:00Z,UConn Huskies,Texas Longhorns,71,63,Final
2025-12-14T02:30Z,Alabama Crimson Tide,Arizona Wildcats,75,96,Final
2025-12-14T01:00Z,Maryland Terrapins,Michigan Wolverines,83,101,Final
2025-12-13T19:00Z,Purdue Boilermakers,Marquette Golden Eagles,79,59,Final
2025-12-13T20:00Z,Houston Cougars,New Orleans Privateers,99,57,Final
2025-12-14T04:45Z,Gonzaga Bulldogs,UCLA Bruins,82,72,Final
2025-12-13T17:00Z,Penn State Nittany Lions,Michigan State Spartans,72,76,Final
2025-12-14T02:00Z,BYU Cougars,UC Riverside Highlanders,100,53,Final
2025-12-13T20:30Z,Louisville Cardinals,Memphis Tigers,99,73,Final
2025-12-13T21:00Z,Illinois Fighting Illini,Nebraska Cornhuskers,80,83,Final
2025-12-13T19:00Z,North Carolina Tar Heels,South Carolina Upstate Spartans,80,62,Final
2025-12-13T23:30Z,Vanderbilt Commodores,Central Arkansas Bears,83,72,Final
2025-12-13T17:00Z,Arkansas Razorbacks,Texas Tech Red Raiders,93,86,Final
2025-12-13T19:52Z,Florida Gators,George Washington Revolutionaries,80,70,Final
2025-12-13T22:30Z,NC State Wolfpack,Kansas Jayhawks,76,77,Final
2025-12-13T21:50Z,Auburn Tigers,Chattanooga Mocs,92,78,Final
2025-12-13T17:00Z,St. John's Red Storm,Iona Gaels,91,64,Final
2025-12-14T18:00Z,Iowa State Cyclones,Eastern Illinois Panthers,78,53,Final
2025-12-15T18:00Z,Samford Bulldogs,Bryan (TN) Lions,106,51,Final
2025-12-16T00:00Z,Florida A&M Rattlers,Albany St (GA) Golden Rams,93,77,Final
2025-12-16T00:00Z,Arkansas-Pine Bluff Golden Lions,Ecclesia Royals,114,64,Final
2025-12-16T00:00Z,Gardner-Webb Runnin' Bulldogs,Wofford Terriers,57,83,Final
2025-12-16T00:00Z,Stetson Hatters,Rhodes Lynx,95,76,Final
2025-12-16T00:00Z,VCU Rams,Niagara Purple Eagles,84,58,Final
2025-12-16T00:00Z,SE Louisiana Lions,East Texas A&M Lions,69,70,Final
2025-12-16T00:30Z,Western Kentucky Hilltoppers,Campbellsville Tigers,102,59,Final
2025-12-16T01:00Z,North Dakota State Bison,Minnesota Crookston Golden Eagles,101,67,Final
2025-12-16T01:00Z,South Dakota State Jackrabbits,Wyoming Cowboys,72,87,Final
2025-12-16T01:00Z,Alabama A&M Bulldogs,North Alabama Lions,68,60,Final
2025-12-16T01:00Z,Houston Christian Huskies,McNeese Cowboys,68,78,Final
2025-12-16T01:00Z,TCU Horned Frogs,Incarnate Word Cardinals,69,65,Final
2025-12-16T01:00Z,Southern Indiana Screaming Eagles,East-West University Phantoms,0,0,Canceled
2025-12-17T02:00Z,Arizona Wildcats,Abilene Christian Wildcats,96,62,Final
2025-12-16T23:00Z,Duke Blue Devils,Lipscomb Bisons,97,73,Final
2025-12-17T01:30Z,UConn Huskies,Butler Bulldogs,79,60,Final
2025-12-16T23:30Z,Michigan State Spartans,Toledo Rockets,92,69,Final
2025-12-17T02:00Z,BYU Cougars,Pacific Tigers,93,57,Final
2025-12-17T00:00Z,Tennessee Volunteers,Louisville Cardinals,83,62,Final
2025-12-17T01:00Z,North Carolina Tar Heels,East Tennessee State Buccaneers,77,58,Final
2025-12-17T02:00Z,Arkansas Razorbacks,Queens University Royals,108,80,Final
2025-12-17T02:00Z,Kansas Jayhawks,Towson Tigers,73,49,Final
2025-12-17T01:00Z,Texas Tech Red Raiders,Northern Colorado Bears,101,90,Final
2025-12-17T00:00Z,St. John's Red Storm,DePaul Blue Demons,79,66,Final
2025-12-18T02:00Z,Gonzaga Bulldogs,Campbell Fighting Camels,98,70,Final
2025-12-18T00:00Z,Memphis Tigers,Vanderbilt Commodores,70,77,Final
2025-12-18T01:00Z,Alabama Crimson Tide,South Florida Bulls,104,93,Final
2025-12-17T23:30Z,Florida Gators,Saint Francis Red Flash,102,61,Final
2025-12-19T00:00Z,Georgia Bulldogs,Western Carolina Catamounts,112,82,Final
2025-12-20T02:30Z,BYU Cougars,Abilene Christian Wildcats,85,67,Final
2025-12-21T03:30Z,Arizona Wildcats,San Diego State Aztecs,68,45,Final
2025-12-21T01:10Z,Duke Blue Devils,Texas Tech Red Raiders,81,82,Final
2025-12-20T23:30Z,Purdue Boilermakers,Auburn Tigers,88,60,Final
2025-12-20T22:30Z,Arkansas Razorbacks,Houston Cougars,85,94,Final
2025-12-20T17:00Z,Michigan State Spartans,Oakland Golden Grizzlies,79,70,Final
2025-12-20T17:00Z,Louisville Cardinals,Montana Grizzlies,94,54,Final
2025-12-20T20:26Z,Ohio State Buckeyes,North Carolina Tar Heels,70,71,Final
2025-12-20T17:30Z,Kentucky Wildcats,St. John's Red Storm,78,66,Final
2025-12-20T23:00Z,Virginia Cavaliers,Maryland Terrapins,80,72,Final
2025-12-21T21:00Z,Michigan Wolverines,La Salle Explorers,102,50,Final
2025-12-21T23:00Z,Iowa State Cyclones,Long Beach State Beach,91,60,Final
2025-12-21T21:30Z,DePaul Blue Demons,UConn Huskies,54,72,Final
2025-12-21T23:00Z,Oregon Ducks,Gonzaga Bulldogs,82,91,Final
2025-12-21T18:00Z,Wake Forest Demon Deacons,Vanderbilt Commodores,67,98,Final
2025-12-22T01:00Z,Nebraska Cornhuskers,North Dakota Fighting Hawks,78,55,Final
2025-12-21T19:00Z,Alabama Crimson Tide,Kennesaw State Owls,92,81,Final
2025-12-21T20:00Z,Tennessee Volunteers,Gardner-Webb Runnin' Bulldogs,94,52,Final
2025-12-21T17:00Z,Florida Gators,Colgate Raiders,90,60,Final
2025-12-23T02:00Z,Arizona Wildcats,Bethune-Cookman Wildcats,107,71,Final
2025-12-23T02:00Z,BYU Cougars,Eastern Washington Eagles,109,81,Final
2025-12-23T01:00Z,North Carolina Tar Heels,East Carolina Pirates,99,51,Final
2025-12-23T01:00Z,Kansas Jayhawks,Davidson Wildcats,90,61,Final
2025-12-23T01:00Z,Illinois Fighting Illini,Missouri Tigers,91,48,Final
2025-12-22T23:00Z,Virginia Cavaliers,American University Eagles,95,51,Final
2025-12-22T19:00Z,Georgia Bulldogs,West Georgia Wolves,103,74,Final
2025-12-23T17:00Z,Campbell Fighting Camels,Green Bay Phoenix,102,79,Final
2025-12-23T17:00Z,Army Black Knights,Binghamton Bearcats,95,85,Final
2025-12-23T18:00Z,Kentucky Wildcats,Bellarmine Knights,99,85,Final
2025-12-23T19:00Z,Ohio State Buckeyes,Grambling Tigers,89,63,Final
2025-12-23T19:00Z,UCF Knights,Florida Atlantic Owls,85,80,Final
2025-12-23T20:00Z,Missouri State Bears,Lindenwood Lions,70,65,Final
2025-12-23T21:00Z,UCLA Bruins,UC Riverside Highlanders,97,65,Final
2025-12-23T22:00Z,Cal State Bakersfield Roadrunners,Idaho Vandals,64,63,Final
2025-12-23T23:00Z,Loyola Marymount Lions,Morgan State Bears,83,56,Final
2025-12-23T23:00Z,St. John's Red Storm,Harvard Crimson,85,59,Final
2025-12-24T00:00Z,Marshall Thundering Herd,WVU Tech Golden Bears,102,52,Final
2025-12-24T00:00Z,Seton Hall Pirates,Villanova Wildcats,56,64,Final
2025-12-27T17:00Z,UNC Wilmington Seahawks,Columbia College (SC) Fighting Koalas,100,56,Final
2025-12-27T19:00Z,Duquesne Dukes,Cleary University Cougars,99,49,Final
2025-12-28T01:00Z,Stanford Cardinal,Cal State Northridge Matadors,88,80,Final
2025-12-29T01:00Z,Pepperdine Waves,Gonzaga Bulldogs,56,96,Final
2025-12-28T19:00Z,Texas Tech Red Raiders,Winthrop Eagles,87,57,Final
2025-12-30T02:00Z,Arizona Wildcats,South Dakota State Jackrabbits,99,71,Final
2025-12-30T00:00Z,Michigan Wolverines,McNeese Cowboys,112,71,Final
2025-12-30T01:00Z,Iowa State Cyclones,Houston Christian Huskies,89,61,Final
2025-12-30T00:00Z,Purdue Boilermakers,Kent State Golden Flashes,101,60,Final
2025-12-30T01:00Z,Houston Cougars,Middle Tennessee Blue Raiders,69,60,Final
2025-12-30T00:00Z,Michigan State Spartans,Cornell Big Red,114,97,Final
2025-12-30T00:00Z,Vanderbilt Commodores,New Haven Chargers,96,53,Final
2025-12-30T01:00Z,Alabama Crimson Tide,Yale Bulldogs,102,78,Final
2025-12-30T01:00Z,Arkansas Razorbacks,James Madison Dukes,103,74,Final
2025-12-29T20:00Z,Illinois Fighting Illini,Southern Jaguars,90,55,Final
2025-12-29T23:00Z,Florida Gators,Dartmouth Big Green,94,72,Final
2025-12-30T00:00Z,Georgia Bulldogs,Long Island University Sharks,89,74,Final
2025-12-29T22:00Z,Iowa Hawkeyes,UMass Lowell River Hawks,90,62,Final
2025-12-31T02:30Z,San Diego Toreros,Gonzaga Bulldogs,93,99,Final
2025-12-31T00:00Z,North Carolina Tar Heels,Florida State Seminoles,79,66,Final
2025-12-31T02:00Z,Nebraska Cornhuskers,New Hampshire Wildcats,86,55,Final
2025-12-31T02:00Z,California Golden Bears,Louisville Cardinals,70,90,Final
2025-12-31T01:00Z,Tennessee Volunteers,South Carolina State Bulldogs,105,54,Final
2025-12-31T22:00Z,Xavier Musketeers,UConn Huskies,67,90,Final
2025-12-31T21:00Z,Duke Blue Devils,Georgia Tech Yellow Jackets,85,79,Final
2025-12-31T19:00Z,Virginia Tech Hokies,Virginia Cavaliers,95,85,Final
2026-01-01T18:00Z,Dartmouth Big Green,Elms College Blazers,107,43,Final
2026-01-01T18:00Z,Youngstown State Penguins,Oakland Golden Grizzlies,83,85,Final
2026-01-01T18:00Z,VMI Keydets,Samford Bulldogs,58,78,Final
2026-01-01T18:00Z,Coastal Carolina Chanticleers,Georgia Southern Eagles,81,82,Final
2026-01-01T18:00Z,North Alabama Lions,Stetson Hatters,67,70,Final
2026-01-01T19:00Z,North Dakota Fighting Hawks,Oral Roberts Golden Eagles,72,61,Final
2026-01-01T19:00Z,Northern Kentucky Norse,IU Indianapolis Jaguars,81,72,Final
2026-01-01T19:00Z,Wright State Raiders,Milwaukee Panthers,76,70,Final
2026-01-01T19:00Z,Purdue Fort Wayne Mastodons,Green Bay Phoenix,54,72,Final
2026-01-01T19:00Z,Lipscomb Bisons,Jacksonville Dolphins,76,57,Final
2026-01-01T19:00Z,Central Arkansas Bears,Florida Gulf Coast Eagles,85,83,Final
2026-01-01T20:00Z,Southern Illinois Salukis,Valparaiso Beacons,75,70,Final
2026-01-01T20:00Z,Illinois State Redbirds,Evansville Purple Aces,73,47,Final
2026-01-01T20:00Z,UT Arlington Mavericks,California Baptist Lancers,63,51,Final
2026-01-01T21:00Z,UNC Greensboro Spartans,Chattanooga Mocs,77,72,Final
2026-01-01T21:00Z,Weber State Wildcats,Portland State Vikings,90,95,Final
2026-01-01T21:30Z,UT Martin Skyhawks,Western Illinois Leathernecks,67,60,Final
2026-01-01T21:30Z,SIU Edwardsville Cougars,Southern Indiana Screaming Eagles,59,55,Final
2026-01-01T21:30Z,Lindenwood Lions,Morehead State Eagles,77,64,Final
2026-01-01T22:00Z,UC Davis Aggies,Cal State Northridge Matadors,89,80,Final
2026-01-01T22:00Z,Cal State Bakersfield Roadrunners,UC Irvine Anteaters,77,81,Final
2026-01-01T22:00Z,UL Monroe Warhawks,Southern Miss Golden Eagles,73,87,Final
2026-01-01T22:15Z,South Dakota State Jackrabbits,Omaha Mavericks,84,69,Final
2026-01-01T23:00Z,Montana Grizzlies,Northern Arizona Lumberjacks,78,64,Final
2026-01-01T23:00Z,Little Rock Trojans,Tennessee Tech Golden Eagles,77,58,Final
2026-01-02T00:00Z,Belmont Bruins,Bradley Braves,88,78,Final
2026-01-02T00:00Z,Queens University Royals,Eastern Kentucky Colonels,91,89,Final
2026-01-02T00:00Z,West Georgia Wolves,Bellarmine Knights,87,85,Final
2026-01-02T01:00Z,Northern Iowa Panthers,Indiana State Sycamores,75,66,Final
2026-01-02T01:00Z,UC Riverside Highlanders,Hawai'i Rainbow Warriors,45,88,Final
2026-01-02T01:00Z,Austin Peay Governors,North Florida Ospreys,102,83,Final
2026-01-02T01:00Z,Tarleton State Texans,Utah Valley Wolverines,85,91,Final
2026-01-02T01:00Z,Abilene Christian Wildcats,Utah Tech Trailblazers,64,79,Final
2026-01-02T01:30Z,Southeast Missouri State Redhawks,Eastern Illinois Panthers,68,59,Final
2026-01-02T02:00Z,UIC Flames,Murray State Racers,77,81,Final
2026-01-02T02:00Z,Montana State Bobcats,Northern Colorado Bears,89,75,Final
2026-01-02T02:00Z,Idaho State Bengals,Sacramento State Hornets,97,84,Final
2026-01-02T03:00Z,Cal State Fullerton Titans,UC Santa Barbara Gauchos,95,84,Final
2026-01-02T03:00Z,Cal Poly Mustangs,UC San Diego Tritons,67,65,Final
2026-01-03T00:00Z,Michigan Wolverines,USC Trojans,96,66,Final
2026-01-03T02:00Z,Iowa State Cyclones,West Virginia Mountaineers,80,59,Final
2026-01-03T02:00Z,Gonzaga Bulldogs,Seattle U Redhawks,80,72,Final
2026-01-03T02:00Z,Nebraska Cornhuskers,Michigan State Spartans,58,56,Final
2026-01-03T01:00Z,Stanford Cardinal,Louisville Cardinals,80,76,Final
2026-01-03T21:00Z,Utah Utes,Arizona Wildcats,78,97,Final
2026-01-04T01:00Z,Wisconsin Badgers,Purdue Boilermakers,73,89,Final
2026-01-03T20:45Z,Florida State Seminoles,Duke Blue Devils,87,91,Final
2026-01-03T19:00Z,Cincinnati Bearcats,Houston Cougars,60,67,Final
2026-01-03T18:30Z,Kansas State Wildcats,BYU Cougars,73,83,Final
2026-01-03T19:00Z,South Carolina Gamecocks,Vanderbilt Commodores,71,83,Final
2026-01-03T19:15Z,SMU Mustangs,North Carolina Tar Heels,97,83,Final
2026-01-03T17:00Z,Alabama Crimson Tide,Kentucky Wildcats,89,74,Final
2026-01-03T18:00Z,Texas Tech Red Raiders,Oklahoma State Cowboys,102,80,Final
2026-01-03T19:00Z,UCF Knights,Kansas Jayhawks,81,75,Final
2026-01-03T20:10Z,Arkansas Razorbacks,Tennessee Volunteers,86,75,Final
2026-01-04T00:00Z,Penn State Nittany Lions,Illinois Fighting Illini,65,73,Final
2026-01-03T16:00Z,NC State Wolfpack,Virginia Cavaliers,61,76,Final
2026-01-04T01:30Z,Missouri Tigers,Florida Gators,76,74,Final
2026-01-03T18:00Z,Georgia Bulldogs,Auburn Tigers,104,100,Final
2026-01-03T23:00Z,Iowa Hawkeyes,UCLA Bruins,74,61,Final
2026-01-04T19:00Z,UConn Huskies,Marquette Golden Eagles,73,57,Final
2026-01-05T02:00Z,Gonzaga Bulldogs,Loyola Marymount Lions,82,47,Final
2026-01-05T23:30Z,Ohio State Buckeyes,Nebraska Cornhuskers,69,72,Final
2026-01-06T01:30Z,Michigan State Spartans,USC Trojans,80,51,Final
2026-01-07T00:00Z,Penn State Nittany Lions,Michigan Wolverines,72,74,Final
2026-01-07T00:00Z,Louisville Cardinals,Duke Blue Devils,73,84,Final
2026-01-07T02:00Z,Houston Cougars,Texas Tech Red Raiders,69,65,Final
2026-01-07T00:00Z,Florida Gators,Georgia Bulldogs,92,77,Final
2026-01-07T01:00Z,Minnesota Golden Gophers,Iowa Hawkeyes,70,67,Final
2026-01-07T02:00Z,Tennessee Volunteers,Texas Longhorns,85,71,Final
2026-01-07T02:00Z,Kansas Jayhawks,TCU Horned Frogs,104,100,Final
2026-01-07T01:00Z,Oklahoma State Cowboys,UCF Knights,87,76,Final
2026-01-08T02:00Z,Arizona Wildcats,Kansas State Wildcats,101,76,Final
2026-01-08T01:00Z,Baylor Bears,Iowa State Cyclones,60,70,Final
2026-01-08T00:00Z,Providence Friars,UConn Huskies,98,103,Final
2026-01-08T01:30Z,Purdue Boilermakers,Washington Huskies,81,73,Final
2026-01-08T02:00Z,BYU Cougars,Arizona State Sun Devils,104,76,Final
2026-01-08T02:00Z,Vanderbilt Commodores,Alabama Crimson Tide,96,90,Final
2026-01-08T02:00Z,Ole Miss Rebels,Arkansas Razorbacks,87,94,Final
2026-01-08T02:00Z,Virginia Cavaliers,California Golden Bears,84,60,Final
2026-01-08T02:00Z,Clemson Tigers,SMU Mustangs,74,70,Final
2026-01-09T04:30Z,Gonzaga Bulldogs,Santa Clara Broncos,89,77,Final
2026-01-08T23:30Z,Michigan State Spartans,Northwestern Wildcats,76,66,Final
2026-01-09T01:30Z,Illinois Fighting Illini,Rutgers Scarlet Knights,81,55,Final
2026-01-09T16:00Z,Youngstown State Penguins,Bryant & Stratton (Ohio) Bobcats,99,61,Final
2026-01-09T23:00Z,Toledo Rockets,Miami (OH) RedHawks,73,87,Final
2026-01-10T00:00Z,Fairfield Stags,Rider Broncs,68,62,Final
2026-01-10T00:00Z,Oakland Golden Grizzlies,Cleveland State Vikings,97,74,Final
2026-01-10T00:00Z,Detroit Mercy Titans,Wright State Raiders,82,84,Final
2026-01-10T00:00Z,Green Bay Phoenix,IU Indianapolis Jaguars,75,59,Final
2026-01-10T00:00Z,Siena Saints,Merrimack Warriors,59,63,Final
2026-01-10T00:00Z,Mount St. Mary's Mountaineers,Saint Peter's Peacocks,70,65,Final
2026-01-10T00:00Z,Iona Gaels,Niagara Purple Eagles,71,53,Final
2026-01-10T00:00Z,Sacred Heart Pioneers,Marist Red Foxes,72,76,Final
2026-01-10T00:00Z,Manhattan Jaspers,Canisius Golden Griffins,64,70,Final
2026-01-10T01:00Z,Milwaukee Panthers,Northern Kentucky Norse,67,85,Final
2026-01-10T01:00Z,Bowling Green Falcons,Akron Zips,67,77,Final
2026-01-10T01:30Z,Minnesota Golden Gophers,USC Trojans,69,70,Final
2026-01-10T03:00Z,Colorado State Rams,UNLV Rebels,70,62,Final
2026-01-10T21:00Z,TCU Horned Frogs,Arizona Wildcats,73,86,Final
2026-01-10T18:00Z,Michigan Wolverines,Wisconsin Badgers,88,91,Final
2026-01-10T21:00Z,Iowa State Cyclones,Oklahoma State Cowboys,83,71,Final
2026-01-10T17:30Z,UConn Huskies,DePaul Blue Demons,72,60,Final
2026-01-10T19:00Z,Purdue Boilermakers,Penn State Nittany Lions,93,85,Final
2026-01-10T19:00Z,Duke Blue Devils,SMU Mustangs,82,75,Final
2026-01-10T18:00Z,Baylor Bears,Houston Cougars,55,77,Final
2026-01-11T03:10Z,Utah Utes,BYU Cougars,84,89,Final
2026-01-10T17:00Z,Indiana Hoosiers,Nebraska Cornhuskers,77,83,Final
2026-01-10T18:00Z,Vanderbilt Commodores,LSU Tigers,84,73,Final
2026-01-11T01:00Z,Alabama Crimson Tide,Texas Longhorns,88,92,Final
2026-01-11T00:00Z,Colorado Buffaloes,Texas Tech Red Raiders,71,73,Final
2026-01-10T23:00Z,Auburn Tigers,Arkansas Razorbacks,95,73,Final
2026-01-10T23:00Z,North Carolina Tar Heels,Wake Forest Demon Deacons,87,84,Final
2026-01-10T19:00Z,South Carolina Gamecocks,Georgia Bulldogs,70,75,Final
2026-01-10T17:00Z,Louisville Cardinals,Boston College Eagles,75,62,Final
2026-01-10T17:00Z,Florida Gators,Tennessee Volunteers,91,67,Final
2026-01-10T17:00Z,West Virginia Mountaineers,Kansas Jayhawks,86,75,Final
2026-01-10T19:15Z,Virginia Cavaliers,Stanford Cardinal,70,55,Final
2026-01-11T17:00Z,Iowa Hawkeyes,Illinois Fighting Illini,69,75,Final
2026-01-11T22:00Z,UCF Knights,Cincinnati Bearcats,73,72,Final
2026-01-12T23:00Z,Morgan State Bears,North Carolina Central Eagles,78,89,Final
2026-01-13T00:00Z,Howard Bison,Delaware State Hornets,84,58,Final
2026-01-13T00:00Z,Alabama State Hornets,Alcorn State Braves,81,66,Final
2026-01-13T00:00Z,Florida A&M Rattlers,Grambling Tigers,91,84,Final
2026-01-13T00:00Z,Prairie View A&M Panthers,Arkansas-Pine Bluff Golden Lions,73,61,Final
2026-01-13T00:00Z,Bethune-Cookman Wildcats,Southern Jaguars,73,77,Final
2026-01-13T00:00Z,Norfolk State Spartans,Maryland Eastern Shore Hawks,70,74,Final
2026-01-13T00:00Z,Coppin State Eagles,South Carolina State Bulldogs,72,74,Final
2026-01-13T00:00Z,Lamar Cardinals,Houston Christian Huskies,64,56,Final
2026-01-13T00:00Z,American University Eagles,Navy Midshipmen,65,51,Final
2026-01-13T00:00Z,Stephen F. Austin Lumberjacks,Incarnate Word Cardinals,56,46,Final
2026-01-13T00:00Z,SE Louisiana Lions,New Orleans Privateers,76,79,Final
2026-01-13T00:30Z,Northwestern State Demons,UT Rio Grande Valley Vaqueros,64,63,Final
2026-01-13T00:30Z,McNeese Cowboys,Nicholls Colonels,94,68,Final
2026-01-13T00:30Z,East Texas A&M Lions,Texas A&M-Corpus Christi Islanders,50,61,Final
2026-01-13T01:00Z,Texas Southern Tigers,Mississippi Valley State Delta Devils,84,51,Final
2026-01-13T01:00Z,Alabama A&M Bulldogs,Jackson State Tigers,100,91,Final
2026-01-14T02:00Z,Kansas Jayhawks,Iowa State Cyclones,84,63,Final
2026-01-14T01:00Z,Seton Hall Pirates,UConn Huskies,64,69,Final
2026-01-14T01:30Z,Houston Cougars,West Virginia Mountaineers,77,48,Final
2026-01-14T02:00Z,Nebraska Cornhuskers,Oregon Ducks,90,55,Final
2026-01-14T00:00Z,Michigan State Spartans,Indiana Hoosiers,81,60,Final
2026-01-14T00:00Z,Louisville Cardinals,Virginia Cavaliers,70,79,Final
2026-01-14T02:00Z,Mississippi State Bulldogs,Alabama Crimson Tide,82,97,Final
2026-01-14T02:00Z,Oklahoma Sooners,Florida Gators,79,96,Final
2026-01-14T00:00Z,Clemson Tigers,Boston College Eagles,74,50,Final
2026-01-14T00:00Z,Tennessee Volunteers,Texas A&M Aggies,87,82,Final
2026-01-15T03:30Z,Arizona Wildcats,Arizona State Sun Devils,89,82,Final
2026-01-15T03:30Z,Washington Huskies,Michigan Wolverines,72,82,Final
2026-01-14T23:30Z,Purdue Boilermakers,Iowa Hawkeyes,79,72,Final
2026-01-15T04:10Z,California Golden Bears,Duke Blue Devils,56,71,Final
2026-01-15T02:00Z,Texas Longhorns,Vanderbilt Commodores,80,64,Final
2026-01-15T04:10Z,BYU Cougars,TCU Horned Frogs,76,70,Final
2026-01-15T01:30Z,Northwestern Wildcats,Illinois Fighting Illini,68,79,Final
2026-01-15T02:00Z,Stanford Cardinal,North Carolina Tar Heels,95,90,Final
2026-01-15T02:00Z,Texas Tech Red Raiders,Utah Utes,88,74,Final
2026-01-15T02:00Z,Arkansas Razorbacks,South Carolina Gamecocks,108,74,Final
2026-01-15T00:00Z,Georgia Bulldogs,Ole Miss Rebels,95,97,Final
2026-01-15T03:00Z,Utah State Aggies,Nevada Wolf Pack,71,62,Final
2026-01-16T03:15Z,Washington State Cougars,Gonzaga Bulldogs,65,86,Final
2026-01-16T23:30Z,Providence Friars,Creighton Bluejays,93,88,Final
2026-01-16T23:30Z,Kent State Golden Flashes,Toledo Rockets,87,84,Final
2026-01-17T01:00Z,Kansas Jayhawks,Baylor Bears,80,62,Final
2026-01-17T01:30Z,Dayton Flyers,Loyola Chicago Ramblers,78,51,Final
2026-01-17T01:30Z,DePaul Blue Demons,Marquette Golden Eagles,80,75,Final
2026-01-17T01:30Z,Ball State Cardinals,Ohio Bobcats,76,71,Final
2026-01-17T03:45Z,Boise State Broncos,Colorado State Rams,79,73,Final
2026-01-17T21:00Z,UCF Knights,Arizona Wildcats,77,84,Final
2026-01-17T19:00Z,Cincinnati Bearcats,Iowa State Cyclones,79,70,Final
2026-01-17T17:00Z,Georgetown Hoyas,UConn Huskies,62,64,Final
2026-01-17T21:00Z,Oregon Ducks,Michigan Wolverines,71,81,Final
2026-01-17T23:00Z,USC Trojans,Purdue Boilermakers,64,69,Final
2026-01-17T23:00Z,Stanford Cardinal,Duke Blue Devils,50,80,Final
2026-01-17T21:00Z,Northwestern Wildcats,Nebraska Cornhuskers,58,77,Final
2026-01-18T03:00Z,Seattle U Redhawks,Gonzaga Bulldogs,50,71,Final
2026-01-17T19:00Z,Vanderbilt Commodores,Florida Gators,94,98,Final
2026-01-18T01:00Z,Texas Tech Red Raiders,BYU Cougars,84,71,Final
2026-01-17T23:00Z,Washington Huskies,Michigan State Spartans,63,80,Final
2026-01-17T17:00Z,Illinois Fighting Illini,Minnesota Golden Gophers,77,67,Final
2026-01-17T21:00Z,California Golden Bears,North Carolina Tar Heels,84,78,Final
2026-01-17T17:00Z,SMU Mustangs,Virginia Cavaliers,68,72,Final
2026-01-17T21:00Z,Georgia Bulldogs,Arkansas Razorbacks,90,76,Final
2026-01-17T18:00Z,Oklahoma Sooners,Alabama Crimson Tide,81,83,Final
2026-01-18T01:00Z,Pittsburgh Panthers,Louisville Cardinals,59,100,Final
2026-01-17T19:15Z,Clemson Tigers,Miami Hurricanes,69,59,Final
2026-01-17T19:30Z,Grand Canyon Lopes,Utah State Aggies,84,74,Final
2026-01-17T17:00Z,Tennessee Volunteers,Kentucky Wildcats,78,80,Final
2026-01-17T17:00Z,Seton Hall Pirates,Butler Bulldogs,66,77,Final
2026-01-18T23:30Z,Houston Cougars,Arizona State Sun Devils,103,73,Final
2026-01-19T16:00Z,Monmouth Hawks,Northeastern Huskies,81,68,Final
2026-01-19T17:00Z,Saint Francis Red Flash,Stonehill Skyhawks,63,61,Final
2026-01-19T18:00Z,UAlbany Great Danes,Vermont Catamounts,75,68,Final
2026-01-19T18:00Z,Towson Tigers,Drexel Dragons,59,58,Final
2026-01-19T19:00Z,Saint Peter's Peacocks,Iona Gaels,77,63,Final
2026-01-19T19:00Z,Rider Broncs,Sacred Heart Pioneers,85,105,Final
2026-01-19T19:00Z,Brown Bears,Cornell Big Red,67,89,Final
2026-01-19T19:00Z,Yale Bulldogs,Columbia Lions,91,74,Final
2026-01-19T19:00Z,Siena Saints,Fairfield Stags,85,77,Final
2026-01-19T19:00Z,Niagara Purple Eagles,Mount St. Mary's Mountaineers,58,68,Final
2026-01-19T19:00Z,Marist Red Foxes,Merrimack Warriors,55,68,Final
2026-01-19T19:00Z,Quinnipiac Bobcats,Manhattan Jaspers,98,92,Final
2026-01-19T19:00Z,Mercyhurst Lakers,Central Connecticut Blue Devils,79,61,Final
2026-01-19T19:00Z,Harvard Crimson,Pennsylvania Quakers,64,63,Final
2026-01-19T19:00Z,Fairleigh Dickinson Knights,Wagner Seahawks,68,61,Final
2026-01-19T19:00Z,Maine Black Bears,New Hampshire Wildcats,48,65,Final
2026-01-19T19:00Z,Binghamton Bearcats,UMBC Retrievers,60,78,Final
2026-01-19T19:00Z,NJIT Highlanders,Bryant Bulldogs,79,55,Final
2026-01-19T20:00Z,VCU Rams,Saint Joseph's Hawks,79,72,Final
2026-01-19T20:00Z,Alcorn State Braves,Prairie View A&M Panthers,76,75,Final
2026-01-19T20:00Z,Le Moyne Dolphins,Long Island University Sharks,83,77,Final
2026-01-19T21:00Z,Howard Bison,Morehouse Maroon Tigers,78,69,Final
2026-01-19T21:00Z,Texas A&M-Corpus Christi Islanders,McNeese Cowboys,53,69,Final
2026-01-19T22:00Z,George Mason Patriots,George Washington Revolutionaries,69,64,Final
2026-01-19T22:00Z,Alabama State Hornets,Alabama A&M Bulldogs,69,73,Final
2026-01-19T23:00Z,Dartmouth Big Green,Princeton Tigers,71,69,Final
2026-01-19T23:00Z,Marquette Golden Eagles,Providence Friars,105,104,Final
2026-01-19T23:00Z,Incarnate Word Cardinals,East Texas A&M Lions,58,80,Final
2026-01-19T23:30Z,Arkansas-Pine Bluff Golden Lions,Bethune-Cookman Wildcats,82,87,Final
2026-01-20T00:00Z,Norfolk State Spartans,Elizabeth City State Vikings,86,61,Final
2026-01-20T00:00Z,Chicago State Cougars,New Haven Chargers,56,62,Final
2026-01-20T00:00Z,Lehigh Mountain Hawks,Loyola Maryland Greyhounds,88,81,Final
2026-01-20T00:30Z,UT Rio Grande Valley Vaqueros,SE Louisiana Lions,68,65,Final
2026-01-20T00:30Z,Nicholls Colonels,Stephen F. Austin Lumberjacks,62,79,Final
2026-01-20T01:00Z,Mississippi Valley State Delta Devils,Florida A&M Rattlers,48,62,Final
2026-01-20T01:00Z,Jackson State Tigers,Texas Southern Tigers,94,89,Final
2026-01-20T01:00Z,Houston Christian Huskies,Northwestern State Demons,82,80,Final
2026-01-20T01:00Z,New Orleans Privateers,Lamar Cardinals,89,76,Final
2026-01-20T01:00Z,Northern Colorado Bears,Montana State Bobcats,68,73,Final
2026-01-20T01:00Z,Northern Arizona Lumberjacks,Montana Grizzlies,72,98,Final
2026-01-20T02:00Z,Hampton Pirates,North Carolina A&T Aggies,82,61,Final
2026-01-21T00:00Z,Michigan Wolverines,Indiana Hoosiers,86,72,Final
2026-01-21T03:00Z,UCLA Bruins,Purdue Boilermakers,69,67,Final
2026-01-21T00:00Z,Iowa State Cyclones,UCF Knights,87,57,Final
2026-01-21T02:00Z,Oregon Ducks,Michigan State Spartans,52,68,Final
2026-01-21T02:00Z,Baylor Bears,Texas Tech Red Raiders,73,92,Final
2026-01-21T02:10Z,Arkansas Razorbacks,Vanderbilt Commodores,93,68,Final
2026-01-21T00:00Z,Florida Gators,LSU Tigers,79,61,Final
2026-01-21T00:00Z,Clemson Tigers,NC State Wolfpack,76,80,Final
2026-01-21T04:10Z,Colorado Buffaloes,Kansas Jayhawks,69,75,Final
2026-01-21T02:00Z,Missouri Tigers,Georgia Bulldogs,72,74,Final
2026-01-21T00:00Z,Duquesne Dukes,Saint Louis Billikens,77,81,Final
2026-01-21T00:00Z,Kent State Golden Flashes,Miami (OH) RedHawks,101,107,Final
2026-01-22T02:00Z,Arizona Wildcats,Cincinnati Bearcats,77,51,Final
2026-01-22T02:00Z,Nebraska Cornhuskers,Washington Huskies,76,66,Final
2026-01-22T02:00Z,Gonzaga Bulldogs,Pepperdine Waves,84,60,Final
2026-01-22T00:00Z,Illinois Fighting Illini,Maryland Terrapins,89,70,Final
2026-01-22T00:00Z,North Carolina Tar Heels,Notre Dame Fighting Irish,91,69,Final
2026-01-22T17:00Z,Marshall Thundering Herd,UL Monroe Warhawks,115,60,Final
2026-01-22T17:00Z,App State Mountaineers,Louisiana Ragin' Cajuns,72,58,Final
2026-01-22T18:00Z,Lipscomb Bisons,Stetson Hatters,79,74,Final
2026-01-22T18:00Z,Austin Peay Governors,Florida Gulf Coast Eagles,83,62,Final
2026-01-22T22:30Z,West Georgia Wolves,Central Arkansas Bears,65,86,Final
2026-01-22T23:00Z,UMass Lowell River Hawks,Vermont Catamounts,68,77,Final
2026-01-22T23:00Z,UMBC Retrievers,NJIT Highlanders,87,74,Final
2026-01-22T23:00Z,New Hampshire Wildcats,Binghamton Bearcats,88,82,Final
2026-01-22T23:00Z,Maine Black Bears,UAlbany Great Danes,52,49,Final
2026-01-22T23:30Z,Youngstown State Penguins,Green Bay Phoenix,88,81,Final
2026-01-23T00:00Z,UAB Blazers,South Florida Bulls,69,82,Final
2026-01-23T00:00Z,Penn State Nittany Lions,Wisconsin Badgers,71,98,Final
2026-01-23T00:00Z,Iona Gaels,Merrimack Warriors,61,60,Final
2026-01-23T00:00Z,Robert Morris Colonials,Milwaukee Panthers,88,76,Final
2026-01-23T00:00Z,Mount St. Mary's Mountaineers,Quinnipiac Bobcats,62,77,Final
2026-01-23T00:00Z,Fairfield Stags,Niagara Purple Eagles,62,61,Final
2026-01-23T00:00Z,Sacred Heart Pioneers,Canisius Golden Griffins,69,66,Final
2026-01-23T00:00Z,Siena Saints,Marist Red Foxes,69,50,Final
2026-01-23T00:00Z,William & Mary Tribe,UNC Wilmington Seahawks,77,70,Final
2026-01-23T00:00Z,Charleston Cougars,Campbell Fighting Camels,87,83,Final
2026-01-23T00:00Z,Elon Phoenix,Towson Tigers,59,72,Final
2026-01-23T00:00Z,Hampton Pirates,Monmouth Hawks,65,63,Final
2026-01-23T00:00Z,North Carolina A&T Aggies,Hofstra Pride,79,78,Final
2026-01-23T00:00Z,Northeastern Huskies,Stony Brook Seawolves,80,95,Final
2026-01-23T00:00Z,James Madison Dukes,South Alabama Jaguars,83,90,Final
2026-01-23T00:00Z,Georgia State Panthers,Southern Miss Golden Eagles,69,62,Final
2026-01-23T00:00Z,Georgia Southern Eagles,Arkansas State Red Wolves,68,85,Final
2026-01-23T00:00Z,Coastal Carolina Chanticleers,Texas State Bobcats,72,70,Final
2026-01-23T00:00Z,North Florida Ospreys,Eastern Kentucky Colonels,87,85,Final
2026-01-23T00:00Z,Jacksonville Dolphins,Bellarmine Knights,70,77,Final
2026-01-23T00:30Z,Morehead State Eagles,Western Illinois Leathernecks,71,66,Final
2026-01-23T01:00Z,Oral Roberts Golden Eagles,North Dakota Fighting Hawks,62,79,Final
2026-01-23T01:30Z,Southeast Missouri State Redhawks,Little Rock Trojans,70,65,Final
2026-01-23T01:30Z,Lindenwood Lions,Tennessee Tech Golden Eagles,89,68,Final
2026-01-23T01:30Z,Southern Indiana Screaming Eagles,Eastern Illinois Panthers,51,59,Final
2026-01-23T02:00Z,St. Thomas-Minnesota Tommies,South Dakota State Jackrabbits,74,69,Final
2026-01-23T02:00Z,Denver Pioneers,North Dakota State Bison,77,82,Final
2026-01-23T02:00Z,UC Santa Barbara Gauchos,Cal Poly Mustangs,107,67,Final
2026-01-23T02:00Z,UC Davis Aggies,UC San Diego Tritons,74,80,Final
2026-01-23T02:00Z,Montana Grizzlies,Weber State Wildcats,81,65,Final
2026-01-23T02:00Z,Montana State Bobcats,Idaho State Bengals,74,62,Final
2026-01-23T02:00Z,Idaho Vandals,Sacramento State Hornets,86,76,Final
2026-01-23T02:00Z,Eastern Washington Eagles,Portland State Vikings,61,65,Final
2026-01-23T02:00Z,SIU Edwardsville Cougars,Tennessee State Tigers,74,66,Final
2026-01-23T02:00Z,New Mexico State Aggies,Missouri State Bears,75,84,Final
2026-01-23T02:00Z,UTEP Miners,Florida International Panthers,83,77,Final
2026-01-23T03:00Z,Cal State Fullerton Titans,Long Beach State Beach,71,61,Final
2026-01-23T03:00Z,UC Riverside Highlanders,UC Irvine Anteaters,66,80,Final
2026-01-23T04:59Z,Hawai'i Rainbow Warriors,Cal State Bakersfield Roadrunners,98,71,Final
2026-01-24T01:00Z,Michigan Wolverines,Ohio State Buckeyes,74,62,Final
2026-01-23T22:30Z,St. Bonaventure Bonnies,Saint Louis Billikens,62,97,Final
2026-01-24T19:00Z,Arizona Wildcats,West Virginia Mountaineers,88,53,Final
2026-01-24T17:30Z,UConn Huskies,Villanova Wildcats,75,67,Final
2026-01-24T20:00Z,Purdue Boilermakers,Illinois Fighting Illini,82,88,Final
2026-01-24T17:00Z,Duke Blue Devils,Wake Forest Demon Deacons,90,69,Final
2026-01-24T19:00Z,Texas Tech Red Raiders,Houston Cougars,90,86,Final
2026-01-24T17:00Z,Minnesota Golden Gophers,Nebraska Cornhuskers,57,76,Final
2026-01-25T01:00Z,Gonzaga Bulldogs,San Francisco Dons,68,66,Final
2026-01-24T20:00Z,Oklahoma State Cowboys,Iowa State Cyclones,71,84,Final
2026-01-24T17:00Z,Michigan State Spartans,Maryland Terrapins,91,48,Final
2026-01-24T22:30Z,BYU Cougars,Utah Utes,91,78,Final
2026-01-24T17:00Z,Virginia Cavaliers,North Carolina Tar Heels,80,85,Final
2026-01-24T17:00Z,Mississippi State Bulldogs,Vanderbilt Commodores,56,88,Final
2026-01-24T21:00Z,Florida Gators,Auburn Tigers,67,76,Final
2026-01-25T01:30Z,Alabama Crimson Tide,Tennessee Volunteers,73,79,Final
2026-01-24T17:00Z,Georgia Tech Yellow Jackets,Clemson Tigers,63,77,Final
2026-01-25T01:00Z,Kansas State Wildcats,Kansas Jayhawks,62,86,Final
2026-01-24T22:00Z,Arkansas Razorbacks,LSU Tigers,85,81,Final
2026-01-24T18:00Z,Texas Longhorns,Georgia Bulldogs,87,67,Final
2026-01-24T19:15Z,Louisville Cardinals,Virginia Tech Hokies,85,71,Final
2026-01-25T18:00Z,South Florida Bulls,Florida Atlantic Owls,89,75,Final
2026-01-25T20:00Z,Washington Huskies,Oregon Ducks,72,57,Final
2026-01-25T20:00Z,Mercyhurst Lakers,Chicago State Cougars,61,59,Final
2026-01-25T21:00Z,Wisconsin Badgers,USC Trojans,71,73,Final
2026-01-25T18:00Z,New Haven Chargers,Saint Francis Red Flash,0,0,Postponed
2026-01-25T19:00Z,IU Indianapolis Jaguars,Purdue Fort Wayne Mastodons,0,0,Postponed
2026-01-25T21:00Z,Evansville Purple Aces,Southern Illinois Salukis,0,0,Postponed
2026-01-27T02:00Z,BYU Cougars,Arizona Wildcats,83,86,Final
2026-01-27T00:00Z,Duke Blue Devils,Louisville Cardinals,83,52,Final
2026-01-28T00:30Z,UConn Huskies,Providence Friars,87,81,Final
2026-01-28T00:00Z,Michigan Wolverines,Nebraska Cornhuskers,75,72,Final
2026-01-27T23:30Z,Rutgers Scarlet Knights,Michigan State Spartans,79,88,Final
2026-01-28T02:00Z,Indiana Hoosiers,Purdue Boilermakers,72,67,Final
2026-01-28T00:00Z,Oklahoma Sooners,Arkansas Razorbacks,79,83,Final
2026-01-28T00:00Z,Notre Dame Fighting Irish,Virginia Cavaliers,97,100,Final
2026-01-28T02:00Z,Vanderbilt Commodores,Kentucky Wildcats,80,55,Final
2026-01-28T01:00Z,Saint Louis Billikens,George Washington Revolutionaries,79,76,Final
2026-01-28T01:00Z,Alabama Crimson Tide,Missouri Tigers,90,64,Final
2026-01-28T02:00Z,Miami (OH) RedHawks,Massachusetts Minutemen,86,84,Final
2026-01-29T02:10Z,TCU Horned Frogs,Houston Cougars,70,79,Final
2026-01-29T02:00Z,South Carolina Gamecocks,Florida Gators,48,95,Final
2026-01-29T00:00Z,St. John's Red Storm,Butler Bulldogs,92,70,Final
2026-01-30T00:00Z,Iowa State Cyclones,Colorado Buffaloes,97,67,Final
2026-01-30T02:00Z,Illinois Fighting Illini,Washington Huskies,75,66,Final
2026-01-31T01:00Z,Michigan State Spartans,Michigan Wolverines,71,83,Final
2026-01-31T01:00Z,Saint Louis Billikens,Dayton Flyers,102,71,Final
2026-01-31T19:00Z,Arizona State Sun Devils,Arizona Wildcats,74,87,Final
2026-02-01T01:00Z,Creighton Bluejays,UConn Huskies,58,85,Final
2026-01-31T17:00Z,Virginia Tech Hokies,Duke Blue Devils,58,72,Final
2026-02-01T03:40Z,Gonzaga Bulldogs,Saint Mary's Gaels,73,65,Final
2026-01-31T17:00Z,Houston Cougars,Cincinnati Bearcats,76,54,Final
2026-01-31T17:00Z,UCF Knights,Texas Tech Red Raiders,88,80,Final
2026-01-31T21:30Z,Kansas Jayhawks,BYU Cougars,90,82,Final
2026-01-31T23:35Z,Arkansas Razorbacks,Kentucky Wildcats,77,85,Final
2026-01-31T19:00Z,Georgia Tech Yellow Jackets,North Carolina Tar Heels,75,91,Final
2026-01-31T18:30Z,Boston College Eagles,Virginia Cavaliers,66,73,Final
2026-01-31T23:00Z,Vanderbilt Commodores,Ole Miss Rebels,71,68,Final
2026-01-31T19:00Z,Louisville Cardinals,SMU Mustangs,88,74,Final
2026-01-31T17:00Z,Clemson Tigers,Pittsburgh Panthers,63,52,Final
2026-01-31T20:30Z,Miami (OH) RedHawks,Northern Illinois Huskies,85,61,Final
2026-02-01T21:00Z,Nebraska Cornhuskers,Illinois Fighting Illini,69,78,Final
2026-02-01T19:00Z,Kansas State Wildcats,Iowa State Cyclones,61,95,Final
2026-02-01T18:00Z,Maryland Terrapins,Purdue Boilermakers,63,93,Final
2026-02-01T18:00Z,Florida Gators,Alabama Crimson Tide,100,77,Final
2026-02-03T02:00Z,Texas Tech Red Raiders,Kansas Jayhawks,61,64,Final
2026-02-03T00:00Z,North Carolina Tar Heels,Syracuse Orange,87,77,Final
2026-02-04T00:00Z,UConn Huskies,Xavier Musketeers,92,60,Final
2026-02-04T00:00Z,Duke Blue Devils,Boston College Eagles,67,49,Final
2026-02-04T02:00Z,Virginia Cavaliers,Pittsburgh Panthers,67,47,Final
2026-02-04T02:00Z,Davidson Wildcats,Saint Louis Billikens,82,91,Final
2026-02-04T01:00Z,DePaul Blue Demons,St. John's Red Storm,56,68,Final
2026-02-03T23:30Z,Buffalo Bulls,Miami (OH) RedHawks,71,73,Final
2026-02-04T00:00Z,Tennessee Volunteers,Ole Miss Rebels,84,66,Final
2026-02-05T02:00Z,Illinois Fighting Illini,Northwestern Wildcats,84,44,Final
2026-02-05T03:00Z,Portland Pilots,Gonzaga Bulldogs,87,80,Final
2026-02-05T00:00Z,Houston Cougars,UCF Knights,79,55,Final
2026-02-05T00:00Z,Minnesota Golden Gophers,Michigan State Spartans,76,73,Final
2026-02-05T02:00Z,Oklahoma State Cowboys,BYU Cougars,99,92,Final
2026-02-05T03:00Z,Stanford Cardinal,Clemson Tigers,64,66,Final
2026-02-05T00:00Z,Louisville Cardinals,Notre Dame Fighting Irish,76,65,Final
2026-02-05T23:30Z,Michigan Wolverines,Penn State Nittany Lions,110,69,Final
2026-02-07T01:00Z,St. John's Red Storm,UConn Huskies,81,72,Final
2026-02-07T21:00Z,Arizona Wildcats,Oklahoma State Cowboys,84,47,Final
2026-02-07T23:30Z,North Carolina Tar Heels,Duke Blue Devils,71,68,Final
2026-02-08T01:00Z,Michigan State Spartans,Illinois Fighting Illini,85,82,Final
2026-02-07T23:00Z,Oregon State Beavers,Gonzaga Bulldogs,61,81,Final
2026-02-07T19:00Z,Iowa State Cyclones,Baylor Bears,72,69,Final
2026-02-08T03:30Z,BYU Cougars,Houston Cougars,66,77,Final
2026-02-07T17:00Z,Rutgers Scarlet Knights,Nebraska Cornhuskers,68,80,Final
2026-02-07T19:30Z,Kansas Jayhawks,Utah Utes,71,59,Final
2026-02-07T18:00Z,Purdue Boilermakers,Oregon Ducks,68,64,Final
2026-02-07T20:30Z,Vanderbilt Commodores,Oklahoma Sooners,91,92,Final
2026-02-08T01:30Z,Texas A&M Aggies,Florida Gators,67,86,Final
2026-02-07T17:00Z,Virginia Cavaliers,Syracuse Orange,72,59,Final
2026-02-07T20:00Z,Saint Louis Billikens,La Salle Explorers,82,58,Final
2026-02-08T01:00Z,California Golden Bears,Clemson Tigers,55,77,Final
2026-02-07T17:00Z,Mississippi State Bulldogs,Arkansas Razorbacks,68,88,Final
2026-02-07T21:00Z,Marshall Thundering Herd,Miami (OH) RedHawks,74,90,Final
2026-02-07T17:00Z,Wake Forest Demon Deacons,Louisville Cardinals,80,88,Final
2026-02-08T01:30Z,Kentucky Wildcats,Tennessee Volunteers,74,71,Final
2026-02-08T18:00Z,Ohio State Buckeyes,Michigan Wolverines,61,82,Final
2026-02-08T18:00Z,West Virginia Mountaineers,Texas Tech Red Raiders,63,70,Final
2026-02-10T02:00Z,Kansas Jayhawks,Arizona Wildcats,82,78,Final
2026-02-09T23:30Z,St. John's Red Storm,Xavier Musketeers,87,82,Final
2026-02-10T00:00Z,Louisville Cardinals,NC State Wolfpack,118,77,Final
2026-02-11T02:00Z,Utah Utes,Houston Cougars,52,66,Final
2026-02-11T02:00Z,Pittsburgh Panthers,Duke Blue Devils,54,70,Final
2026-02-11T02:00Z,TCU Horned Frogs,Iowa State Cyclones,62,55,Final
2026-02-11T00:00Z,Nebraska Cornhuskers,Purdue Boilermakers,77,80,Final
2026-02-11T01:00Z,Illinois Fighting Illini,Wisconsin Badgers,90,92,Final
2026-02-11T00:00Z,Miami Hurricanes,North Carolina Tar Heels,75,66,Final
2026-02-11T04:00Z,Gonzaga Bulldogs,Washington State Cougars,83,53,Final
2026-02-11T00:00Z,Florida State Seminoles,Virginia Cavaliers,58,61,Final
2026-02-11T00:00Z,Auburn Tigers,Vanderbilt Commodores,76,84,Final
2026-02-11T02:00Z,LSU Tigers,Arkansas Razorbacks,62,91,Final
2026-02-11T00:00Z,Baylor Bears,BYU Cougars,94,99,Final
2026-02-12T01:30Z,Northwestern Wildcats,Michigan Wolverines,75,87,Final
2026-02-12T00:30Z,Butler Bulldogs,UConn Huskies,70,80,Final
2026-02-12T00:00Z,Georgia Bulldogs,Florida Gators,66,86,Final
2026-02-12T01:00Z,Texas Tech Red Raiders,Colorado Buffaloes,78,44,Final
2026-02-12T00:00Z,Clemson Tigers,Virginia Tech Hokies,66,76,Final
2026-02-12T23:00Z,New Hampshire Wildcats,NJIT Highlanders,70,76,Final
2026-02-12T23:00Z,Maine Black Bears,UMBC Retrievers,62,78,Final
2026-02-12T23:00Z,UMass Lowell River Hawks,Bryant Bulldogs,88,69,Final
2026-02-12T23:30Z,IU Indianapolis Jaguars,Northern Kentucky Norse,81,84,Final
2026-02-12T23:30Z,Binghamton Bearcats,Vermont Catamounts,65,73,Final
2026-02-12T23:30Z,Kennesaw State Owls,Middle Tennessee Blue Raiders,87,90,Final
2026-02-13T00:00Z,Illinois State Redbirds,Valparaiso Beacons,86,64,Final
2026-02-13T00:00Z,Indiana State Sycamores,Murray State Racers,72,74,Final
2026-02-13T00:00Z,Merrimack Warriors,Marist Red Foxes,81,56,Final
2026-02-13T00:00Z,Gardner-Webb Runnin' Bulldogs,Winthrop Eagles,85,103,Final
2026-02-13T00:00Z,Longwood Lancers,UNC Asheville Bulldogs,74,79,Final
2026-02-13T00:00Z,Charleston Southern Buccaneers,Presbyterian Blue Hose,84,67,Final
2026-02-13T00:00Z,South Carolina Upstate Spartans,High Point Panthers,70,95,Final
2026-02-13T00:00Z,Cleveland State Vikings,Robert Morris Colonials,68,85,Final
2026-02-13T00:00Z,Oakland Golden Grizzlies,Youngstown State Penguins,82,86,Final
2026-02-13T00:00Z,Wright State Raiders,Detroit Mercy Titans,74,77,Final
2026-02-13T00:00Z,Green Bay Phoenix,Purdue Fort Wayne Mastodons,76,59,Final
2026-02-13T00:00Z,New Haven Chargers,Central Connecticut Blue Devils,76,81,Final
2026-02-13T00:00Z,Chicago State Cougars,Stonehill Skyhawks,68,55,Final
2026-02-13T00:00Z,Wagner Seahawks,Long Island University Sharks,57,67,Final
2026-02-13T00:00Z,Le Moyne Dolphins,Mercyhurst Lakers,58,57,Final
2026-02-13T00:00Z,Fairleigh Dickinson Knights,Saint Francis Red Flash,66,59,Final
2026-02-13T00:00Z,Towson Tigers,Stony Brook Seawolves,69,57,Final
2026-02-13T00:00Z,Charleston Cougars,Hofstra Pride,62,66,Final
2026-02-13T00:00Z,Drexel Dragons,Monmouth Hawks,73,93,Final
2026-02-13T00:00Z,Northeastern Huskies,William & Mary Tribe,67,94,Final
2026-02-13T00:00Z,UNC Wilmington Seahawks,Elon Phoenix,65,54,Final
2026-02-13T00:00Z,James Madison Dukes,Georgia State Panthers,81,79,Final
2026-02-13T00:00Z,Florida International Panthers,Delaware Blue Hens,66,68,Final
2026-02-13T00:30Z,Drake Bulldogs,UIC Flames,70,80,Final
2026-02-13T00:30Z,Morehead State Eagles,Tennessee Tech Golden Eagles,73,66,Final
2026-02-13T01:00Z,Southern Illinois Salukis,Evansville Purple Aces,86,60,Final
2026-02-13T01:00Z,Oral Roberts Golden Eagles,Kansas City Roos,69,60,Final
2026-02-13T01:00Z,Omaha Mavericks,St. Thomas-Minnesota Tommies,98,94,Final
2026-02-13T01:00Z,Louisiana Ragin' Cajuns,Coastal Carolina Chanticleers,65,69,Final
2026-02-13T01:00Z,Northern Colorado Bears,Sacramento State Hornets,95,79,Final
2026-02-13T01:00Z,Northern Arizona Lumberjacks,Portland State Vikings,68,77,Final
2026-02-13T01:30Z,Southern Miss Golden Eagles,South Alabama Jaguars,78,84,Final
2026-02-13T01:30Z,SIU Edwardsville Cougars,Southeast Missouri State Redhawks,74,56,Final
2026-02-13T01:30Z,Western Illinois Leathernecks,Little Rock Trojans,58,77,Final
2026-02-13T01:30Z,Lindenwood Lions,UT Martin Skyhawks,75,74,Final
2026-02-13T01:30Z,Southern Utah Thunderbirds,California Baptist Lancers,66,83,Final
2026-02-13T01:30Z,Missouri State Bears,Louisiana Tech Bulldogs,78,79,Final
2026-02-13T02:00Z,Belmont Bruins,Northern Iowa Panthers,91,86,Final
2026-02-13T02:00Z,San Francisco Dons,Oregon State Beavers,63,90,Final
2026-02-13T02:00Z,North Texas Mean Green,Memphis Tigers,76,69,Final
2026-02-13T02:00Z,Denver Pioneers,South Dakota State Jackrabbits,79,61,Final
2026-02-13T02:00Z,Idaho Vandals,Weber State Wildcats,72,83,Final
2026-02-13T02:00Z,Eastern Washington Eagles,Idaho State Bengals,88,75,Final
2026-02-13T02:00Z,Southern Indiana Screaming Eagles,Tennessee State Tigers,71,73,Final
2026-02-13T02:00Z,Utah Tech Trailblazers,Utah Valley Wolverines,81,77,Final
2026-02-13T02:00Z,Abilene Christian Wildcats,UT Arlington Mavericks,67,63,Final
2026-02-13T02:30Z,Cal State Bakersfield Roadrunners,Hawai'i Rainbow Warriors,74,89,Final
2026-02-13T03:00Z,UC Riverside Highlanders,UC Santa Barbara Gauchos,68,76,Final
2026-02-13T03:00Z,Long Beach State Beach,Cal State Fullerton Titans,82,86,Final
2026-02-13T03:00Z,Cal Poly Mustangs,UC Irvine Anteaters,79,73,Final
2026-02-13T03:00Z,UC San Diego Tritons,UC Davis Aggies,68,51,Final
2026-02-14T01:00Z,Wisconsin Badgers,Michigan State Spartans,92,71,Final
2026-02-14T01:40Z,Loyola Chicago Ramblers,Saint Louis Billikens,59,86,Final
2026-02-14T02:10Z,Miami (OH) RedHawks,Ohio Bobcats,90,74,Final
2026-02-14T23:30Z,Arizona Wildcats,Texas Tech Red Raiders,75,78,Final
2026-02-14T17:45Z,Michigan Wolverines,UCLA Bruins,86,56,Final
2026-02-14T21:00Z,Houston Cougars,Kansas State Wildcats,78,64,Final
2026-02-14T17:00Z,Duke Blue Devils,Clemson Tigers,67,54,Final
2026-02-14T18:00Z,Iowa State Cyclones,Kansas Jayhawks,74,56,Final
2026-02-15T01:00Z,UConn Huskies,Georgetown Hoyas,79,75,Final
2026-02-14T18:00Z,Nebraska Cornhuskers,Northwestern Wildcats,68,49,Final
2026-02-14T19:00Z,North Carolina Tar Heels,Pittsburgh Panthers,79,65,Final
2026-02-15T03:40Z,Santa Clara Broncos,Gonzaga Bulldogs,86,94,Final
2026-02-14T22:00Z,Iowa Hawkeyes,Purdue Boilermakers,57,78,Final
2026-02-14T20:00Z,Florida Gators,Kentucky Wildcats,92,83,Final
2026-02-15T01:00Z,Ohio State Buckeyes,Virginia Cavaliers,66,70,Final
2026-02-14T18:00Z,Providence Friars,St. John's Red Storm,69,79,Final
2026-02-14T18:00Z,Vanderbilt Commodores,Texas A&M Aggies,82,69,Final
2026-02-15T01:40Z,Arkansas Razorbacks,Auburn Tigers,88,75,Final
2026-02-14T21:00Z,BYU Cougars,Colorado Buffaloes,90,86,Final
2026-02-14T21:00Z,Baylor Bears,Louisville Cardinals,71,82,Final
2026-02-15T18:00Z,Illinois Fighting Illini,Indiana Hoosiers,71,51,Final
2026-02-17T02:00Z,Iowa State Cyclones,Houston Cougars,70,67,Final
2026-02-17T00:00Z,Duke Blue Devils,Syracuse Orange,101,64,Final
2026-02-17T23:30Z,Purdue Boilermakers,Michigan Wolverines,80,91,Final
2026-02-18T02:00Z,Iowa Hawkeyes,Nebraska Cornhuskers,57,52,Final
2026-02-18T00:00Z,Florida Gators,South Carolina Gamecocks,76,62,Final
2026-02-18T04:10Z,Arizona State Sun Devils,Texas Tech Red Raiders,72,67,Final
2026-02-18T01:30Z,Michigan State Spartans,UCLA Bruins,82,59,Final
2026-02-18T00:00Z,NC State Wolfpack,North Carolina Tar Heels,82,58,Final
2026-02-18T00:00Z,Rhode Island Rams,Saint Louis Billikens,81,76,Final
2026-02-18T00:00Z,SMU Mustangs,Louisville Cardinals,95,85,Final
2026-02-18T00:00Z,Massachusetts Minutemen,Miami (OH) RedHawks,77,86,Final
2026-02-18T01:30Z,Ohio State Buckeyes,Wisconsin Badgers,86,69,Final
2026-02-19T02:00Z,Arizona Wildcats,BYU Cougars,75,68,Final
2026-02-19T00:00Z,UConn Huskies,Creighton Bluejays,84,91,Final
2026-02-19T02:00Z,Oklahoma State Cowboys,Kansas Jayhawks,69,81,Final
2026-02-19T03:00Z,USC Trojans,Illinois Fighting Illini,65,101,Final
2026-02-19T04:00Z,San Francisco Dons,Gonzaga Bulldogs,59,80,Final
2026-02-19T02:00Z,Georgia Tech Yellow Jackets,Virginia Cavaliers,68,94,Final
2026-02-19T02:00Z,Marquette Golden Eagles,St. John's Red Storm,70,76,Final
2026-02-19T02:00Z,Missouri Tigers,Vanderbilt Commodores,81,80,Final
2026-02-19T00:00Z,Alabama Crimson Tide,Arkansas Razorbacks,117,115,Final
2026-02-19T23:00Z,UMBC Retrievers,Vermont Catamounts,75,62,Final
2026-02-19T23:00Z,UMass Lowell River Hawks,New Hampshire Wildcats,78,56,Final
2026-02-19T23:00Z,Bryant Bulldogs,Binghamton Bearcats,67,79,Final
2026-02-19T23:00Z,Liberty Flames,Florida International Panthers,90,89,Final
2026-02-19T23:30Z,Winthrop Eagles,South Carolina Upstate Spartans,68,64,Final
2026-02-19T23:30Z,App State Mountaineers,Marshall Thundering Herd,93,94,Final
2026-02-20T00:00Z,South Florida Bulls,Memphis Tigers,87,66,Final
2026-02-20T00:00Z,High Point Panthers,UNC Asheville Bulldogs,74,48,Final
2026-02-20T00:00Z,Presbyterian Blue Hose,Longwood Lancers,72,65,Final
2026-02-20T00:00Z,Radford Highlanders,Gardner-Webb Runnin' Bulldogs,82,70,Final
2026-02-20T00:00Z,Wright State Raiders,IU Indianapolis Jaguars,85,73,Final
2026-02-20T00:00Z,Mercyhurst Lakers,Wagner Seahawks,80,83,Final
2026-02-20T00:00Z,New Haven Chargers,Stonehill Skyhawks,64,51,Final
2026-02-20T00:00Z,Saint Francis Red Flash,Long Island University Sharks,89,91,Final
2026-02-20T00:00Z,Central Connecticut Blue Devils,Le Moyne Dolphins,78,77,Final
2026-02-20T00:00Z,Chicago State Cougars,Fairleigh Dickinson Knights,59,60,Final
2026-02-20T00:00Z,NJIT Highlanders,UAlbany Great Danes,63,81,Final
2026-02-20T00:00Z,UNC Wilmington Seahawks,Monmouth Hawks,79,69,Final
2026-02-20T00:00Z,Northeastern Huskies,Drexel Dragons,61,70,Final
2026-02-20T00:00Z,Campbell Fighting Camels,William & Mary Tribe,84,83,Final
2026-02-20T00:00Z,North Carolina A&T Aggies,Charleston Cougars,61,74,Final
2026-02-20T00:00Z,The Citadel Bulldogs,Samford Bulldogs,75,78,Final
2026-02-20T00:00Z,Mercer Bears,Chattanooga Mocs,90,94,Final
2026-02-20T00:00Z,North Florida Ospreys,Austin Peay Governors,76,77,Final
2026-02-20T00:30Z,Bethune-Cookman Wildcats,Alabama State Hornets,82,71,Final
2026-02-20T01:00Z,North Dakota Fighting Hawks,Kansas City Roos,85,70,Final
2026-02-20T01:00Z,Hofstra Pride,Hampton Pirates,79,43,Final
2026-02-20T01:00Z,South Alabama Jaguars,Texas State Bobcats,82,90,Final
2026-02-20T01:00Z,Louisiana Ragin' Cajuns,Arkansas State Red Wolves,62,79,Final
2026-02-20T01:00Z,Georgia State Panthers,Georgia Southern Eagles,66,64,Final
2026-02-20T01:00Z,Stetson Hatters,Central Arkansas Bears,76,88,Final
2026-02-20T01:00Z,Utah Valley Wolverines,California Baptist Lancers,65,46,Final
2026-02-20T01:00Z,UT Arlington Mavericks,Utah Tech Trailblazers,63,50,Final
2026-02-20T01:00Z,Tarleton State Texans,Southern Utah Thunderbirds,78,74,Final
2026-02-20T01:20Z,Little Rock Trojans,UT Martin Skyhawks,67,65,Final
2026-02-20T01:30Z,Western Illinois Leathernecks,Southern Indiana Screaming Eagles,70,77,Final
2026-02-20T01:30Z,Tennessee State Tigers,Lindenwood Lions,89,80,Final
2026-02-20T01:30Z,Eastern Illinois Panthers,Morehead State Eagles,70,73,Final
2026-02-20T01:50Z,Mississippi Valley State Delta Devils,Prairie View A&M Panthers,62,72,Final
2026-02-20T01:50Z,Tennessee Tech Golden Eagles,SIU Edwardsville Cougars,62,52,Final
2026-02-20T02:00Z,Arkansas-Pine Bluff Golden Lions,Texas Southern Tigers,64,83,Final
2026-02-20T02:00Z,UC Santa Barbara Gauchos,Cal State Northridge Matadors,83,85,Final
2026-02-20T02:00Z,Denver Pioneers,South Dakota Coyotes,90,70,Final
2026-02-20T02:00Z,Weber State Wildcats,Montana State Bobcats,82,79,Final
2026-02-20T02:00Z,Idaho State Bengals,Montana Grizzlies,73,69,Final
2026-02-20T02:00Z,Portland State Vikings,Idaho Vandals,77,67,Final
2026-02-20T02:10Z,North Texas Mean Green,Tulane Green Wave,71,77,Final
2026-02-20T02:15Z,Florida A&M Rattlers,Alabama A&M Bulldogs,61,63,Final
2026-02-20T03:00Z,UC Riverside Highlanders,Cal State Bakersfield Roadrunners,93,65,Final
2026-02-20T03:00Z,Cal State Fullerton Titans,UC Davis Aggies,93,92,Final
2026-02-20T03:00Z,Long Beach State Beach,UC Irvine Anteaters,58,69,Final
2026-02-20T03:00Z,Sacramento State Hornets,Eastern Washington Eagles,94,102,Final
2026-02-20T04:59Z,Hawai'i Rainbow Warriors,Cal Poly Mustangs,75,86,Final
2026-02-21T01:00Z,Purdue Boilermakers,Indiana Hoosiers,93,64,Final
2026-02-21T00:00Z,Saint Louis Billikens,VCU Rams,88,75,Final
2026-02-21T01:30Z,Miami (OH) RedHawks,Bowling Green Falcons,91,77,Final
2026-02-21T23:30Z,Duke Blue Devils,Michigan Wolverines,68,63,Final
2026-02-21T20:00Z,Houston Cougars,Arizona Wildcats,66,73,Final
2026-02-21T22:30Z,Villanova Wildcats,UConn Huskies,63,73,Final
2026-02-22T03:38Z,BYU Cougars,Iowa State Cyclones,79,69,Final
2026-02-21T18:00Z,Kansas Jayhawks,Cincinnati Bearcats,68,84,Final
2026-02-21T19:00Z,Nebraska Cornhuskers,Penn State Nittany Lions,87,64,Final
2026-02-22T01:00Z,UCLA Bruins,Illinois Fighting Illini,95,94,Final
2026-02-22T02:00Z,Gonzaga Bulldogs,Pacific Tigers,71,62,Final
2026-02-21T17:00Z,Ole Miss Rebels,Florida Gators,75,94,Final
2026-02-21T19:30Z,Texas Tech Red Raiders,Kansas State Wildcats,100,72,Final
2026-02-21T19:00Z,Virginia Cavaliers,Miami Hurricanes,86,83,Final
2026-02-21T18:00Z,Syracuse Orange,North Carolina Tar Heels,64,77,Final
2026-02-21T17:00Z,St. John's Red Storm,Creighton Bluejays,81,52,Final
2026-02-21T19:00Z,Vanderbilt Commodores,Tennessee Volunteers,65,69,Final
2026-02-21T21:00Z,Arkansas Razorbacks,Missouri Tigers,94,86,Final
2026-02-21T19:15Z,Louisville Cardinals,Georgia Tech Yellow Jackets,87,70,Final
2026-02-21T23:00Z,LSU Tigers,Alabama Crimson Tide,83,90,Final
2026-02-22T18:00Z,Michigan State Spartans,Ohio State Buckeyes,66,60,Final
2026-02-22T21:00Z,Wisconsin Badgers,Iowa Hawkeyes,84,71,Final
2026-02-24T02:00Z,Kansas Jayhawks,Houston Cougars,69,56,Final
2026-02-24T00:00Z,North Carolina Tar Heels,Louisville Cardinals,77,74,Final
2026-02-25T00:00Z,Notre Dame Fighting Irish,Duke Blue Devils,56,100,Final
2026-02-25T02:00Z,Baylor Bears,Arizona Wildcats,80,87,Final
2026-02-25T01:30Z,Michigan Wolverines,Minnesota Golden Gophers,77,67,Final
2026-02-25T02:00Z,Utah Utes,Iowa State Cyclones,59,75,Final
2026-02-25T00:00Z,Virginia Cavaliers,NC State Wolfpack,90,61,Final
2026-02-25T00:00Z,Texas Tech Red Raiders,Cincinnati Bearcats,80,68,Final
2026-02-25T04:00Z,BYU Cougars,UCF Knights,84,97,Final
2026-02-24T23:30Z,Eastern Michigan Eagles,Miami (OH) RedHawks,64,74,Final
2026-02-25T02:00Z,Missouri Tigers,Tennessee Volunteers,73,69,Final
2026-02-25T00:00Z,Dayton Flyers,Saint Louis Billikens,77,62,Final
2026-02-26T00:00Z,UConn Huskies,St. John's Red Storm,72,40,Final
2026-02-26T00:00Z,Texas Longhorns,Florida Gators,71,84,Final
2026-02-26T02:00Z,Gonzaga Bulldogs,Portland Pilots,89,48,Final
2026-02-26T00:00Z,Nebraska Cornhuskers,Maryland Terrapins,74,61,Final
2026-02-26T02:00Z,Alabama Crimson Tide,Mississippi State Bulldogs,100,75,Final
2026-02-26T02:10Z,Arkansas Razorbacks,Texas A&M Aggies,99,84,Final
2026-02-26T00:00Z,Vanderbilt Commodores,Georgia Bulldogs,88,80,Final
2026-02-27T01:00Z,Purdue Boilermakers,Michigan State Spartans,74,76,Final
2026-02-28T01:00Z,Illinois Fighting Illini,Michigan Wolverines,70,84,Final
2026-02-27T23:00Z,Western Michigan Broncos,Miami (OH) RedHawks,67,69,Final
2026-03-01T03:30Z,Saint Mary's Gaels,Gonzaga Bulldogs,70,59,Final
2026-02-28T17:00Z,Duke Blue Devils,Virginia Cavaliers,77,51,Final
2026-02-28T21:05Z,Arizona Wildcats,Kansas Jayhawks,84,61,Final
2026-02-28T21:00Z,Iowa State Cyclones,Texas Tech Red Raiders,73,82,Final
2026-02-28T17:00Z,Houston Cougars,Colorado Buffaloes,102,62,Final
2026-02-28T17:00Z,UConn Huskies,Seton Hall Pirates,71,67,Final
2026-03-01T01:30Z,Florida Gators,Arkansas Razorbacks,111,77,Final
2026-02-28T21:00Z,USC Trojans,Nebraska Cornhuskers,67,82,Final
2026-03-01T01:00Z,St. John's Red Storm,Villanova Wildcats,89,57,Final
2026-02-28T23:10Z,Tennessee Volunteers,Alabama Crimson Tide,69,71,Final
2026-03-01T01:30Z,North Carolina Tar Heels,Virginia Tech Hokies,89,82,Final
2026-02-28T22:30Z,West Virginia Mountaineers,BYU Cougars,79,71,Final
2026-03-01T01:00Z,Saint Louis Billikens,Duquesne Dukes,91,76,Final
2026-02-28T19:00Z,Clemson Tigers,Louisville Cardinals,80,75,Final
2026-02-28T19:05Z,Kentucky Wildcats,Vanderbilt Commodores,91,77,Final
2026-03-01T18:30Z,Ohio State Buckeyes,Purdue Boilermakers,0,0,Scheduled
2026-03-01T20:45Z,Indiana Hoosiers,Michigan State Spartans,0,0,Scheduled
